race_id,race_date,track,distance_m,start_type,track_condition,race_class,program_number,horse_id,driver_id,trainer_id,post_position,carried_weight_kg,prior_finishes,prior_km_times,prior_earnings,prior_opponent_strengths,days_since_last_start,gallop_risk,speed_rating,class_rating,stamina_rating,equipment_change,shoeing_change,market_share,finished_position,did_not_finish
R0001,2023-01-01,T4,3100,volt,normal,C,1,H0112,D014,TR066,1,62.6,,,,,,0.2246074801272063,75.86,76.7,79.89,False,False,0.006379762825592262,12,False
R0001,2023-01-01,T3,3100,volt,normal,C,2,H0099,D056,TR008,2,63.5,,,,,,0.007336443520658471,76.08,73.18,76.83,False,False,0.023496897902645458,10,False
R0001,2023-01-01,T4,3100,volt,normal,B,3,H0021,D024,TR004,3,65.6,,,,,,0.030597030849482176,76.96,77.95,76.42,False,False,0.017075298573049694,6,False
R0001,2023-01-01,T2,3100,volt,normal,C,4,H0006,D016,TR032,4,66.6,,,,,,0.056711926929657895,81.02,81.78,78.92,False,False,0.062013410749416194,1,False
R0001,2023-01-01,T4,3100,volt,normal,A,5,H0019,D002,TR073,5,67.6,,,,,,0.05142678408852572,80.61,80.79,80.63,False,False,0.034821613718359644,7,False
R0001,2023-01-01,T3,3100,volt,normal,A,6,H0079,D000,TR055,6,65.5,,,,,,0.019065303539560496,77.2,76.69,77.57,False,False,0.01454600192348616,4,False
R0001,2023-01-01,T1,3100,volt,normal,C,7,H0094,D022,TR007,7,62.7,,,,,,0.02121972647264986,70.9,72.57,74.39,False,True,0.0014177969031634221,8,False
R0001,2023-01-01,T4,3100,volt,normal,A,8,H0059,D055,TR066,8,62.9,,,,,,0.055848600178837846,84.58,84.22,85.12,False,False,0.19602268666068656,3,False
R0001,2023-01-01,T1,3100,volt,normal,C,9,H0067,D031,TR067,9,67.1,,,,,,0.020002347327874453,78.78,79.51,78.05,False,False,0.011271724272495178,11,False
R0001,2023-01-01,T1,3100,volt,normal,B,10,H0048,D053,TR064,10,65.8,,,,,,0.021094589491563245,83.04,84.02,85.3,False,False,0.10610049992264062,2,False
R0001,2023-01-01,T3,3100,volt,normal,A,11,H0046,D006,TR072,11,62.3,,,,,,0.030219198268680723,83.82,82.64,82.5,False,False,0.48531213749123314,5,False
R0001,2023-01-01,T3,3100,volt,normal,C,12,H0093,D005,TR019,12,62.9,,,,,,0.1669523222369982,79.27,80.98,80.26,False,False,0.04154216905723156,9,False
R0002,2023-01-01,T2,2100,volt,normal,A,1,H0014,D028,TR046,1,63.0,,,,,,0.11318188932137263,83.67,81.87,83.98,False,False,0.4952016904931044,1,False
R0002,2023-01-01,T4,2100,volt,normal,C,2,H0093,D028,TR052,2,64.6,9,83.34282216945135,200.0,-0.3093465397202384,0.0,0.17259113872909748,80.05,77.76,80.64,False,False,0.05591566997324653,7,False
R0002,2023-01-01,T3,2100,volt,normal,B,3,H0073,D008,TR049,3,62.5,,,,,,0.056815872016061676,82.69,81.03,83.05,False,False,0.0610078532175776,4,False
R0002,2023-01-01,T2,2100,volt,normal,B,4,H0071,D013,TR025,4,66.6,,,,,,0.19624879578953772,73.3,73.41,74.13,False,False,0.007947064976706567,3,False
R0002,2023-01-01,T3,2100,volt,normal,B,5,H0035,D005,TR019,5,63.1,,,,,,0.09555233915374532,86.19,85.31,82.34,True,False,0.15343151414438289,2,False
R0002,2023-01-01,T1,2100,volt,normal,C,6,H0031,D034,TR062,6,65.8,,,,,,0.0036893652404323095,78.33,75.28,76.64,False,False,0.010402779330604768,11,False
R0002,2023-01-01,T1,2100,volt,normal,A,7,H0108,D021,TR027,7,66.4,,,,,,0.008037681205211238,82.98,84.08,86.09,False,False,0.03239435261529085,5,False
R0002,2023-01-01,T1,2100,volt,normal,A,8,H0013,D033,TR043,8,62.2,,,,,,0.022023821116297537,83.86,85.69,83.64,False,False,0.045332225483465376,10,False
R0002,2023-01-01,T3,2100,volt,normal,C,9,H0015,D035,TR015,9,67.5,,,,,,0.12014329323306501,74.67,76.42,74.43,False,False,0.020122580746582002,9,False
R0002,2023-01-01,T3,2100,volt,normal,C,10,H0050,D042,TR034,10,66.8,,,,,,0.039785118421553786,81.48,81.62,80.23,True,False,0.06470045091396585,6,False
R0002,2023-01-01,T3,2100,volt,normal,C,11,H0010,D032,TR042,11,66.0,,,,,,0.0076651145852802815,83.99,81.63,83.05,False,False,0.042279036236656825,8,False
R0002,2023-01-01,T4,2100,volt,normal,A,12,H0107,D038,TR050,12,62.5,,,,,,0.059559694426183946,78.48,78.07,78.43,False,False,0.01126478186841641,12,False
R0003,2023-01-02,T1,3100,auto,normal,A,1,H0015,D057,TR078,1,64.6,9,81.01989549460315,200.0,0.4675093422520456,1.0,0.029223554365685238,73.42,74.34,75.18,False,False,0.0419490759669933,4,False
R0003,2023-01-02,T2,3100,auto,normal,A,2,H0012,D058,TR059,2,62.3,,,,,,0.009267705986689322,80.14,80.63,80.5,False,True,0.047329279668981226,6,False
R0003,2023-01-02,T4,3100,auto,normal,A,3,H0024,D017,TR017,3,65.7,,,,,,0.12313964098670822,77.96,79.19,80.98,False,False,0.04317995058784034,7,False
R0003,2023-01-02,T1,3100,auto,normal,C,4,H0006,D020,TR047,4,63.5,1,79.46875101270004,5000.0,-0.3093465397202384,1.0,0.020001652402256896,81.78,79.47,81.79,False,False,0.1199968949086602,8,False
R0003,2023-01-02,T4,3100,auto,normal,A,5,H0008,D053,TR049,5,64.5,,,,,,0.07636693333651148,80.0,79.26,78.01,False,False,0.03241163586495667,3,False
R0003,2023-01-02,T1,3100,auto,normal,C,6,H0039,D023,TR052,6,67.3,,,,,,0.12089382172773938,83.65,83.0,80.65,True,True,0.15632117909054333,2,False
R0003,2023-01-02,T2,3100,auto,normal,B,7,H0117,D014,TR002,7,65.5,,,,,,0.04230152539444786,79.03,79.92,78.97,False,False,0.03368490367879482,9,False
R0003,2023-01-02,T4,3100,auto,normal,B,8,H0055,D033,TR023,8,67.0,,,,,,0.029695648771497104,76.84,76.11,75.82,False,False,0.01949729490692856,12,False
R0003,2023-01-02,T3,3100,auto,normal,B,9,H0009,D019,TR068,9,65.4,,,,,,0.03936561278108593,75.53,75.47,76.97,False,False,0.15873421281548172,10,False
R0003,2023-01-02,T3,3100,auto,normal,C,10,H0064,D053,TR019,10,64.4,,,,,,0.06900725667472012,84.99,81.81,79.67,False,False,0.04966059345606509,11,False
R0003,2023-01-02,T4,3100,auto,normal,B,11,H0056,D054,TR023,11,65.1,,,,,,0.10649701765901749,77.5,78.31,77.77,False,False,0.03213109845122405,5,False
R0003,2023-01-02,T2,3100,auto,normal,A,12,H0043,D018,TR025,12,66.5,,,,,,0.028902149565292086,81.07,81.2,81.48,False,False,0.25331238146460666,1,False
R0003,2023-01-02,T1,3100,auto,normal,B,13,H0102,D031,TR014,13,65.6,,,,,,0.023282960017371453,78.5,78.41,79.08,False,False,0.011791499138924032,13,False
R0004,2023-01-03,T1,2100,volt,normal,A,1,H0033,D005,TR010,1,66.3,,,,,,0.13512276704696238,77.29,74.08,76.27,False,False,0.03376109071917812,8,False
R0004,2023-01-03,T1,2100,volt,normal,C,2,H0011,D057,TR023,2,65.1,,,,,,0.15863823364247917,83.96,83.51,83.78,False,False,0.16049298625698202,1,False
R0004,2023-01-03,T1,2100,volt,normal,A,3,H0068,D014,TR025,3,65.3,,,,,,0.007243587431965693,84.5,84.92,84.17,False,False,0.0586173304441249,7,False
R0004,2023-01-03,T3,2100,volt,normal,B,4,H0080,D039,TR061,4,63.1,,,,,,0.08944884353206708,82.76,80.66,80.76,False,False,0.06824123421636877,3,False
R0004,2023-01-03,T3,2100,volt,normal,B,5,H0087,D040,TR024,5,66.5,,,,,,0.0605211952679161,79.95,80.01,78.0,False,False,0.028475150901381568,2,False
R0004,2023-01-03,T2,2100,volt,normal,B,6,H0022,D029,TR070,6,62.8,,,,,,0.029535087700316882,85.11,84.25,86.55,False,False,0.259944534636228,5,False
R0004,2023-01-03,T1,2100,volt,normal,B,7,H0040,D053,TR061,7,67.7,,,,,,0.003448886368796717,84.35,81.66,83.47,False,False,0.030006838699284853,6,False
R0004,2023-01-03,T2,2100,volt,normal,B,8,H0103,D006,TR072,8,66.0,,,,,,0.0637092585648148,83.58,83.74,84.1,False,False,0.33245997317982406,4,False
R0004,2023-01-03,T2,2100,volt,normal,B,9,H0027,D014,TR008,9,65.9,,,,,,0.015223806628873378,82.17,82.45,80.9,False,True,0.016317246761863836,9,False
R0004,2023-01-03,T4,2100,volt,normal,A,10,H0054,D015,TR078,10,63.2,,,,,,0.03019610926859142,77.7,77.55,77.61,False,False,0.011683614184763704,10,False
R0005,2023-01-04,T3,2600,auto,normal,A,1,H0086,D052,TR065,1,66.1,,,,,,0.03921116103271153,78.15,79.06,79.99,False,False,0.001981285627731831,12,False
R0005,2023-01-04,T3,2600,auto,normal,A,2,H0108,D010,TR026,2,66.0,5,78.68780832940111,2200.0,0.28911939868998415,3.0,0.01342914373796803,85.51,84.79,85.59,False,False,0.014787831824416836,2,False
R0005,2023-01-04,T1,2600,auto,normal,A,3,H0104,D056,TR064,3,62.9,,,,,,0.04946472670499064,74.34,76.34,76.27,False,False,0.03223617884640696,6,False
R0005,2023-01-04,T4,2600,auto,normal,A,4,H0075,D050,TR019,4,65.9,,,,,,0.16896483623616898,82.56,82.79,81.73,False,False,0.007794894317408529,8,False
R0005,2023-01-04,T1,2600,auto,normal,B,5,H0059,D051,TR032,5,63.5,3,80.24146761629233,3600.0,-0.3093465397202384,3.0,0.043807384538886066,82.52,81.96,83.06,False,False,0.06349596547655809,1,False
R0005,2023-01-04,T3,2600,auto,normal,C,6,H0070,D019,TR073,6,63.1,,,,,,0.09708388111041315,73.89,73.59,75.94,False,False,0.005115232123457589,11,False
R0005,2023-01-04,T1,2600,auto,normal,C,7,H0030,D019,TR076,7,67.2,,,,,,0.005683768239169375,89.2,88.46,87.28,False,False,0.792987379544153,3,False
R0005,2023-01-04,T4,2600,auto,normal,B,8,H0036,D051,TR073,8,62.3,,,,,,0.009139281719855757,79.35,77.57,78.4,False,False,0.006325699648510497,9,False
R0005,2023-01-04,T1,2600,auto,normal,A,9,H0078,D032,TR025,9,63.9,,,,,,0.07867603145555074,81.75,82.44,83.05,False,False,0.008958240630861074,13,False
R0005,2023-01-04,T3,2600,auto,normal,A,10,H0087,D042,TR067,10,64.9,2,77.24459671100595,4300.0,0.7375155684670865,1.0,0.02149182909760931,78.83,78.94,82.28,False,False,0.047321017648839225,4,False
R0005,2023-01-04,T2,2600,auto,normal,A,11,H0066,D029,TR074,11,63.1,,,,,,0.04402111216106571,77.38,81.17,79.05,False,False,0.00898369215099004,5,False
R0005,2023-01-04,T2,2600,auto,normal,C,12,H0060,D026,TR078,12,67.6,,,,,,0.0025361473675521236,71.54,73.98,73.88,False,True,0.0005434538937201597,7,False
R0005,2023-01-04,T4,2600,auto,normal,A,13,H0021,D037,TR001,13,63.9,6,82.22973928618593,1500.0,-0.07971821090639905,3.0,0.019061140013061327,75.47,75.51,77.41,False,False,0.0094691282669462,10,False
R0006,2023-01-02,T1,3100,auto,normal,A,1,H0112,D046,TR028,1,63.0,12,85.11643475874791,200.0,-0.07971821090639905,1.0,0.025668096631339225,75.45,76.53,75.89,False,False,0.024256736781023733,7,False
R0006,2023-01-02,T3,3100,auto,normal,B,2,H0072,D019,TR044,2,62.6,,,,,,0.07809993199373298,74.41,77.34,72.16,False,False,0.09194695001638756,2,False
R0006,2023-01-02,T4,3100,auto,normal,C,3,H0035,D016,TR029,3,67.0,2,77.38808554279011,4300.0,0.28911939868998415,1.0,0.042916825354936884,86.02,83.3,86.3,False,False,0.18080634029703868,4,False
R0006,2023-01-02,T1,3100,auto,normal,B,4,H0003,D027,TR025,4,65.7,,,,,,0.049681135901985814,84.58,85.12,80.95,False,False,0.166389447465032,6,False
R0006,2023-01-02,T1,3100,auto,normal,B,5,H0102,D058,TR077,5,66.9,13,85.13777419613156,200.0,0.002525494009577042,0.0,0.14983482066831874,78.0,77.44,79.22,True,False,0.023696839334012385,8,False
R0006,2023-01-02,T2,3100,auto,normal,C,6,H0093,D034,TR027,6,67.8,9|7,83.34282216945135|79.89130089841348,200.0|800.0,-0.3093465397202384|0.4675093422520456,1.0,0.04789124068851853,79.35,80.32,77.74,False,False,0.028575631806794517,9,False
R0006,2023-01-02,T1,3100,auto,normal,C,7,H0024,D023,TR005,7,62.9,7,82.1857606177294,800.0,0.002525494009577042,0.0,0.03041016670486168,77.48,79.17,75.69,False,False,0.05473249982252901,5,False
R0006,2023-01-02,T3,3100,auto,normal,A,8,H0070,D027,TR030,8,67.8,11,83.20285948721218,200.0,-0.05072666946359382,-2.0,0.10307553724991501,74.45,74.75,72.49,False,False,0.011439133846688394,10,False
R0006,2023-01-02,T2,3100,auto,normal,B,9,H0022,D017,TR042,9,65.3,5,79.01398391619897,2200.0,0.45677523755741145,-1.0,0.04356708915967111,85.8,85.3,82.26,False,False,0.3617797012149082,1,False
R0006,2023-01-02,T3,3100,auto,normal,A,10,H0011,D039,TR007,10,66.7,1,76.87555851094106,5000.0,0.45677523755741145,-1.0,0.00965996368947748,84.35,81.25,85.9,False,False,0.056376719415585606,3,False
R0007,2023-01-05,T1,2600,volt,normal,A,1,H0104,D056,TR014,1,67.4,6,80.73922668655652,1500.0,-0.05072666946359382,1.0,0.04953825317019791,77.04,76.34,77.11,False,False,0.01891133939843365,7,False
R0007,2023-01-05,T3,2600,volt,normal,A,2,H0115,D028,TR049,2,63.1,,,,,,0.08509580957200416,76.74,77.59,76.95,False,False,0.025474017582846075,2,False
R0007,2023-01-05,T3,2600,volt,normal,B,3,H0007,D013,TR025,3,66.7,,,,,,0.011715274352018515,77.79,80.17,79.23,False,False,0.01972949505308198,11,False
R0007,2023-01-05,T2,2600,volt,normal,C,4,H0025,D024,TR014,4,66.5,,,,,,0.17965766147980944,79.13,76.02,76.07,False,False,0.007350429080312888,14,False
R0007,2023-01-05,T1,2600,volt,normal,B,5,H0039,D026,TR052,5,65.9,2,79.83664515780622,4300.0,-0.14597170436548626,3.0,0.027506255940642536,83.08,80.37,83.53,False,False,0.08908315069781078,6,False
R0007,2023-01-05,T2,2600,volt,normal,C,6,H0005,D037,TR013,6,67.0,,,,,,0.15966519152118044,72.56,75.96,74.4,False,False,0.02463905423900277,9,False
R0007,2023-01-05,T3,2600,volt,normal,C,7,H0043,D056,TR053,7,65.6,1,79.33881437807975,5000.0,-0.14597170436548626,3.0,0.0391343130239446,81.56,79.16,79.84,False,False,0.16704462641243065,4,False
R0007,2023-01-05,T2,2600,volt,normal,A,8,H0004,D050,TR012,8,66.1,,,,,,0.01468626016436829,69.85,71.39,70.97,False,False,0.0009323446819980663,13,False
R0007,2023-01-05,T4,2600,volt,normal,C,9,H0022,D022,TR034,9,67.8,5|1,79.01398391619897|79.78165426303265,2200.0|5000.0,0.45677523755741145|-0.35626397106142593,3.0,0.07098102712602075,85.89,85.91,84.87,False,False,0.037236923489960855,8,False
R0007,2023-01-05,T2,2600,volt,normal,C,10,H0117,D019,TR064,10,65.4,9,83.51044931909428,200.0,-0.14597170436548626,3.0,0.0003030655804640777,80.66,79.25,79.91,False,False,0.5365008689920545,1,False
R0007,2023-01-05,T1,2600,volt,normal,A,11,H0106,D046,TR018,11,63.2,,,,,,0.034887512724063756,74.52,76.18,76.88,False,False,0.01463349296363191,5,False
R0007,2023-01-05,T1,2600,volt,normal,A,12,H0017,D007,TR061,12,66.4,,,,,,0.030649202746037427,74.89,77.31,76.93,False,False,0.006884089236110035,10,False
R0007,2023-01-05,T1,2600,volt,normal,B,13,H0061,D032,TR057,13,63.6,,,,,,0.03155892897017938,78.86,81.99,75.99,False,True,0.005634836207361068,12,False
R0007,2023-01-05,T4,2600,volt,normal,A,14,H0067,D025,TR072,14,65.8,11,84.57886916787135,200.0,-0.07971821090639905,4.0,0.08006411535567905,75.34,79.83,78.71,False,False,0.04594533196496481,3,False
R0008,2023-01-05,T4,2600,auto,soft,A,1,H0012,D037,TR040,1,63.3,6,82.09078710524065,1500.0,-0.14597170436548626,3.0,0.008496500522668432,80.97,79.65,80.64,False,False,0.15369016304394217,6,False
R0008,2023-01-05,T4,2600,auto,soft,A,2,H0068,D017,TR040,2,66.5,7,80.41205963410482,800.0,0.45677523755741145,2.0,0.040263739385294935,84.7,83.3,86.99,False,True,0.30510196411701546,2,False
R0008,2023-01-05,T2,2600,auto,soft,C,3,H0085,D025,TR046,3,66.3,,,,,,0.04623099039731598,81.98,82.5,83.49,False,False,0.19720253156956014,4,False
R0008,2023-01-05,T1,2600,auto,soft,B,4,H0091,D007,TR068,4,65.5,,,,,,0.036455311323802746,78.98,80.28,77.6,False,False,0.07396881359404746,3,False
R0008,2023-01-05,T2,2600,auto,soft,A,5,H0115,D059,TR031,5,67.9,2,78.88306830512607,4300.0,-0.3521335504882296,0.0,0.13183530719240358,77.43,77.66,77.75,False,False,0.009835539453607121,9,False
R0008,2023-01-05,T4,2600,auto,soft,C,6,H0060,D014,TR066,6,64.7,7,81.13513617245904,800.0,-0.05072666946359382,1.0,0.09716670606936602,71.7,71.96,75.48,False,False,0.001977418433041521,8,False
R0008,2023-01-05,T4,2600,auto,soft,C,7,H0014,D018,TR062,7,67.1,1,76.40709423243167,5000.0,0.28911939868998415,4.0,0.024049118183975912,81.56,81.36,80.89,False,False,0.07243723470786953,7,False
R0008,2023-01-05,T2,2600,auto,soft,B,8,H0111,D030,TR076,8,65.7,,,,,,0.2051099642857417,80.41,80.31,79.37,False,False,0.11098878043312235,5,False
R0008,2023-01-05,T2,2600,auto,soft,A,9,H0018,D040,TR073,9,63.3,,,,,,0.014576177349563894,83.1,86.0,85.19,False,False,0.07479755464779426,1,False
R0009,2023-01-05,T4,1609,volt,normal,B,1,H0060,D005,TR075,1,67.1,7|8,81.13513617245904|81.36746601235923,800.0|200.0,-0.05072666946359382|0.35262247229216176,0.0,0.006500968999938736,71.2,73.22,72.31,False,False,0.0030318653283065026,12,False
R0009,2023-01-05,T1,1609,volt,normal,C,2,H0118,D021,TR077,2,62.3,,,,,,0.014735141475716628,86.61,87.99,84.78,True,False,0.21887513298315717,6,False
R0009,2023-01-05,T1,1609,volt,normal,B,3,H0109,D046,TR013,3,62.1,,,,,,0.036593161511174956,72.24,71.55,72.17,False,False,0.011420629915954186,10,False
R0009,2023-01-05,T4,1609,volt,normal,C,4,H0065,D032,TR032,4,63.8,,,,,,0.22569140257729514,85.39,83.02,83.33,False,False,0.04895654146206843,9,False
R0009,2023-01-05,T2,1609,volt,normal,A,5,H0040,D044,TR050,5,66.7,6,79.28475095993625,1500.0,0.45677523755741145,2.0,0.0030162585044137195,82.58,80.76,82.57,False,False,0.1433719593028534,2,False
R0009,2023-01-05,T3,1609,volt,normal,A,6,H0081,D042,TR015,6,63.1,,,,,,0.008053048545196707,76.56,77.76,75.61,True,False,0.0161288571231611,7,False
R0009,2023-01-05,T2,1609,volt,normal,C,7,H0013,D001,TR026,7,67.4,10,81.44053532746047,200.0,0.28911939868998415,4.0,0.01438422006674182,86.83,81.42,83.58,False,False,0.06523547843347477,3,False
R0009,2023-01-05,T4,1609,volt,normal,B,8,H0077,D012,TR031,8,62.5,,,,,,0.08113632346015988,79.6,80.01,79.11,False,False,0.04281287796845903,8,False
R0009,2023-01-05,T3,1609,volt,normal,B,9,H0056,D034,TR051,9,64.8,5,81.37853545079473,2200.0,0.002525494009577042,3.0,0.01964371411844712,78.59,77.37,77.88,False,False,0.018218298467300945,5,False
R0009,2023-01-05,T1,1609,volt,normal,A,10,H0008,D058,TR024,10,66.2,3,80.49266217280723,3600.0,-0.12664505285162042,3.0,0.0007188995474027579,79.01,78.88,82.93,False,False,0.013804158642065745,11,False
R0009,2023-01-05,T2,1609,volt,normal,B,11,H0059,D009,TR032,11,67.1,3|1,80.24146761629233|78.27699508082142,3600.0|5000.0,-0.3093465397202384|-0.23133626495165632,1.0,0.04321825697571729,84.56,83.65,84.12,False,False,0.058005016085980236,4,False
R0009,2023-01-05,T2,1609,volt,normal,A,12,H0046,D006,TR023,12,66.1,5,81.53742244943591,2200.0,-0.3093465397202384,4.0,0.06776648318468644,85.15,83.64,83.03,True,False,0.36013918428721853,1,False
R0010,2023-01-05,T3,2600,auto,normal,C,1,H0012,D037,TR062,1,64.7,6|6,82.09078710524065|80.67261210993604,1500.0|1500.0,-0.14597170436548626|0.35262247229216176,0.0,0.06817046098036156,81.64,79.7,81.25,True,False,0.09965530597368014,3,False
R0010,2023-01-05,T3,2600,auto,normal,A,2,H0053,D030,TR066,2,66.1,,,,,,0.09344401512920537,79.06,80.86,77.58,False,False,0.04642892406794398,9,False
R0010,2023-01-05,T1,2600,auto,normal,B,3,H0073,D045,TR075,3,63.3,4,78.98408300244948,2900.0,0.28911939868998415,4.0,0.03983835708594735,83.64,85.67,82.54,False,False,0.13903812063056958,6,False
R0010,2023-01-05,T1,2600,auto,normal,B,4,H0036,D020,TR025,4,66.3,9,82.10880955791086,200.0,-0.16811547676037508,1.0,0.1461307752385738,79.26,80.64,79.5,False,False,0.08197221569943598,1,False
R0010,2023-01-05,T2,2600,auto,normal,A,5,H0001,D051,TR001,5,62.6,,,,,,0.0010804878232058242,74.77,75.38,72.61,False,False,0.08109452145552659,7,False
R0010,2023-01-05,T3,2600,auto,normal,A,6,H0040,D025,TR078,6,63.2,6|2,79.28475095993625|76.44668470771542,1500.0|4300.0,0.45677523755741145|0.15853969107671423,0.0,0.04201613973931075,83.25,82.59,83.67,False,False,0.14881529673641858,4,False
R0010,2023-01-05,T2,2600,auto,normal,C,7,H0029,D044,TR048,7,64.6,,,,,,0.03870523989929114,80.35,83.79,82.11,False,False,0.13417530005230205,8,False
R0010,2023-01-05,T1,2600,auto,normal,A,8,H0086,D006,TR019,8,66.6,12,83.57315917346202,200.0,-0.05072666946359382,1.0,0.02978016368881916,77.86,78.36,78.87,False,False,0.11791487039538882,5,False
R0010,2023-01-05,T4,2600,auto,normal,B,9,H0047,D005,TR061,9,64.6,,,,,,0.04296157439523621,81.67,81.06,79.68,False,False,0.1509054449887343,2,False
R0011,2023-01-04,T4,2100,volt,hard,A,1,H0046,D035,TR000,1,63.6,5|1,81.53742244943591|75.83314948365789,2200.0|5000.0,-0.3093465397202384|0.15853969107671423,-1.0,0.05128611300492168,84.18,84.03,84.39,False,False,0.4010370570652448,2,False
R0011,2023-01-04,T1,2100,volt,hard,A,2,H0110,D056,TR005,2,66.8,,,,,,0.06286934912240387,83.46,84.09,80.44,False,False,0.20324882334135855,6,False
R0011,2023-01-04,T4,2100,volt,hard,A,3,H0054,D006,TR040,3,66.3,10,81.61111641773003,200.0,0.7375155684670865,1.0,0.00537349945626389,76.85,76.56,78.47,False,False,0.019153510485870006,10,False
R0011,2023-01-04,T3,2100,volt,hard,A,4,H0038,D021,TR040,4,65.9,,,,,,0.08815491054846515,74.95,75.04,76.64,False,False,0.006047005134770596,3,False
R0011,2023-01-04,T4,2100,volt,hard,A,5,H0062,D033,TR023,5,67.8,,,,,,0.012756058697438899,80.19,78.83,79.53,True,False,0.02276731420529026,5,False
R0011,2023-01-04,T2,2100,volt,hard,C,6,H0061,D022,TR020,6,66.5,12,83.9154849748178,200.0,-0.46235179266456716,-1.0,0.06315163651581346,78.66,78.79,80.29,False,False,0.004922454587160007,11,False
R0011,2023-01-04,T4,2100,volt,hard,C,7,H0114,D043,TR005,7,64.3,,,,,,0.028971171895649548,80.15,78.11,79.61,True,False,0.0222669729999399,4,False
R0011,2023-01-04,T1,2100,volt,hard,A,8,H0078,D015,TR053,8,62.5,13,83.91085425851642,200.0,-0.23133626495165632,0.0,0.06381926387410378,82.58,80.43,84.36,False,False,0.0841505919926474,8,False
R0011,2023-01-04,T2,2100,volt,hard,A,9,H0066,D003,TR030,9,64.6,5,80.32112516713244,2200.0,-0.05072666946359382,0.0,0.03807158015006131,76.68,78.97,80.32,False,False,0.05264621717922077,9,False
R0011,2023-01-04,T1,2100,volt,hard,A,10,H0029,D020,TR009,10,62.4,8,81.53247891970267,200.0,-0.023958380046829514,-1.0,0.02631634989371765,79.39,81.42,82.28,False,False,0.10933292623254162,7,False
R0011,2023-01-04,T3,2100,volt,hard,A,11,H0094,D035,TR031,11,67.9,8,82.89426154412422,200.0,-0.07971821090639905,3.0,0.05137280923234648,71.62,73.0,73.8,False,False,0.005348204488154627,13,False
R0011,2023-01-04,T3,2100,volt,hard,A,12,H0000,D010,TR074,12,65.1,,,,,,0.049787047099967084,79.14,81.99,77.89,False,False,0.0606586143735782,1,False
R0011,2023-01-04,T2,2100,volt,hard,B,13,H0093,D048,TR020,13,67.1,9|7|9,83.34282216945135|79.89130089841348|83.43104164100453,200.0|800.0|200.0,-0.3093465397202384|0.4675093422520456|-0.35626397106142593,2.0,0.003874460969468951,79.69,82.96,80.93,False,False,0.008420307914223192,12,False
R0012,2023-01-07,T4,3100,auto,soft,B,1,H0116,D012,TR072,1,65.2,,,,,,0.013382771942623233,78.79,80.4,79.58,False,False,0.10322186537322986,5,False
R0012,2023-01-07,T1,3100,auto,soft,C,2,H0023,D014,TR077,2,67.0,,,,,,0.14330101809446824,76.9,77.07,78.96,False,False,0.01027328543388644,10,False
R0012,2023-01-07,T4,3100,auto,soft,A,3,H0030,D031,TR039,3,63.2,3,79.21255533559864,3600.0,-0.23133626495165632,3.0,0.058654603450670764,89.69,89.76,88.2,False,False,0.2790679949659496,4,False
R0012,2023-01-07,T4,3100,auto,soft,B,4,H0037,D033,TR033,4,67.8,,,,,,0.056812885782148534,76.37,75.05,77.75,False,False,0.006569184301662849,3,False
R0012,2023-01-07,T1,3100,auto,soft,A,5,H0115,D044,TR015,5,66.1,2|9,78.88306830512607|82.14499230794742,4300.0|200.0,-0.3521335504882296|0.35262247229216176,2.0,0.09370193096362762,77.89,76.62,77.27,False,False,0.02014682566881024,9,False
R0012,2023-01-07,T3,3100,auto,soft,B,6,H0035,D017,TR042,6,62.7,2|4,77.38808554279011|80.47813186197932,4300.0|2900.0,0.28911939868998415|-0.35626397106142593,5.0,0.0018554747031103605,84.46,84.24,83.35,False,False,0.20409333255604778,2,False
R0012,2023-01-07,T4,3100,auto,soft,B,7,H0069,D052,TR073,7,65.8,,,,,,0.023287597915608985,78.14,79.18,76.19,False,False,0.02985496537892628,8,False
R0012,2023-01-07,T3,3100,auto,soft,A,8,H0040,D019,TR038,8,67.7,6|2|4,79.28475095993625|76.44668470771542|79.69341221845413,1500.0|4300.0|2900.0,0.45677523755741145|0.15853969107671423|-0.023958380046829514,2.0,0.014045811188615651,83.6,83.47,84.24,False,False,0.27931243515420495,1,False
R0012,2023-01-07,T1,3100,auto,soft,B,9,H0083,D032,TR027,9,64.3,,,,,,0.07436162623868678,79.18,80.93,78.29,False,False,0.003154584095947624,12,False
R0012,2023-01-07,T3,3100,auto,soft,C,10,H0001,D055,TR008,10,62.2,7,81.28579678394098,800.0,0.14481312316794914,2.0,0.0486513783553642,75.72,77.15,76.38,False,False,0.009060620690543805,11,False
R0012,2023-01-07,T2,3100,auto,soft,A,11,H0093,D032,TR031,11,62.6,9|7|9|12,83.34282216945135|79.89130089841348|83.43104164100453|82.53460142793044,200.0|800.0|200.0|200.0,-0.3093465397202384|0.4675093422520456|-0.35626397106142593|0.11744128640943755,3.0,0.05087787494645932,79.61,81.36,80.51,False,False,0.007829915802319664,7,False
R0012,2023-01-07,T4,3100,auto,soft,C,12,H0063,D040,TR018,12,62.7,,,,,,0.10411180060487386,83.61,82.55,81.79,False,False,0.04741499057847101,6,False
R0013,2023-01-07,T1,2100,auto,hard,B,1,H0088,D024,TR060,1,65.1,,,,,,0.01176028338664629,81.41,83.32,81.79,False,False,0.13757418391050924,7,False
R0013,2023-01-07,T3,2100,auto,hard,A,2,H0103,D026,TR039,2,67.3,4,78.3496488304373,2900.0,0.45677523755741145,4.0,0.11574494728949904,85.85,83.88,84.02,False,False,0.09856344380978013,1,False
R0013,2023-01-07,T2,2100,auto,hard,C,3,H0077,D024,TR002,3,64.4,8,79.27921120061524,200.0,0.7432541712034423,2.0,0.0015550462997982167,80.7,80.96,82.4,False,False,0.0865158242566673,8,False
R0013,2023-01-07,T4,2100,auto,hard,B,4,H0104,D050,TR008,4,62.4,6|7,80.73922668655652|81.26194007501832,1500.0|800.0,-0.05072666946359382|-0.3521335504882296,2.0,0.005250977594376167,74.94,73.57,75.25,False,False,0.014339538443264174,6,False
R0013,2023-01-07,T4,2100,auto,hard,C,5,H0073,D040,TR011,5,66.5,4|6,78.98408300244948|80.55841616727179,2900.0|1500.0,0.28911939868998415|-0.023958380046829514,2.0,0.013471272841411613,81.93,82.05,84.02,False,False,0.06329099505629321,5,False
R0013,2023-01-07,T4,2100,auto,hard,A,6,H0097,D031,TR036,6,65.1,,,,,,0.011773523742072535,76.22,75.12,75.69,False,False,0.03085441245263753,3,False
R0013,2023-01-07,T2,2100,auto,hard,C,7,H0092,D027,TR049,7,64.3,,,,,,0.008917616451666366,79.52,77.48,78.74,False,False,0.05491960772155158,4,False
R0013,2023-01-07,T3,2100,auto,hard,A,8,H0045,D042,TR064,8,62.8,,,,,,0.12124839246404852,81.36,79.84,80.6,False,False,0.5139419943492968,2,False
R0014,2023-01-07,T1,2600,volt,normal,C,1,H0018,D035,TR046,1,62.3,1,78.045273170936,5000.0,0.15188314994674695,2.0,0.040257091239718906,84.51,84.15,85.07,False,False,0.7241881587372353,1,False
R0014,2023-01-07,T1,2600,volt,normal,B,2,H0019,D027,TR079,2,63.3,7,82.5465500163118,800.0,-0.3093465397202384,6.0,0.05466956958241781,79.58,81.98,77.9,False,False,0.016147004811827216,9,False
R0014,2023-01-07,T4,2600,volt,normal,C,3,H0016,D047,TR007,3,65.5,,,,,,0.05074830475648231,84.3,83.33,80.2,False,False,0.026413858637327342,7,False
R0014,2023-01-07,T2,2600,volt,normal,A,4,H0028,D010,TR024,4,64.0,,,,,,0.12217806718789169,82.81,82.33,81.06,False,False,0.02565999432169821,6,False
R0014,2023-01-07,T4,2600,volt,normal,B,5,H0047,D003,TR067,5,64.6,2,78.67651643332377,4300.0,-0.023958380046829514,2.0,0.06484683498778185,80.42,79.07,80.09,False,False,0.08968904185905506,5,False
R0014,2023-01-07,T4,2600,volt,normal,C,6,H0091,D031,TR042,6,66.4,3,79.28048032516055,3600.0,0.35262247229216176,2.0,0.13828943002668206,80.08,79.26,79.36,False,False,0.019546095591095134,4,False
R0014,2023-01-07,T3,2600,volt,normal,A,7,H0036,D015,TR013,7,66.7,9|1,82.10880955791086|78.3068462783376,200.0|5000.0,-0.16811547676037508|0.14481312316794914,2.0,0.04829340975963931,79.93,80.77,80.12,False,False,0.047517283658368305,3,False
R0014,2023-01-07,T3,2600,volt,normal,B,8,H0097,D042,TR017,8,64.6,3,78.12798723316016,3600.0,0.21868859672901295,0.0,0.025985851079289468,74.5,76.83,77.02,False,False,0.012360906584365701,8,False
R0014,2023-01-07,T1,2600,volt,normal,A,9,H0085,D005,TR061,9,62.6,4,79.71750088084981,2900.0,0.15188314994674695,2.0,0.026450890548961062,81.58,82.32,84.54,False,True,0.038477655799027746,2,False
R0015,2023-01-06,T2,2100,volt,normal,A,1,H0062,D006,TR016,1,67.3,5,78.97563895518934,2200.0,-0.003794351596264768,2.0,0.05497424114470235,80.48,79.75,81.28,True,False,0.10974453396219744,3,False
R0015,2023-01-06,T4,2100,volt,normal,C,2,H0037,D053,TR069,2,66.8,3,80.14898452379899,3600.0,-0.07971821090639905,-1.0,0.015566017862398796,74.94,77.19,75.8,False,False,0.0051365591652910315,13,False
R0015,2023-01-06,T4,2100,volt,normal,A,3,H0016,D058,TR049,3,65.9,7,81.42770469089996,800.0,0.08683481889421468,-1.0,0.04382948939499979,82.39,81.08,84.31,False,False,0.05688882958091072,6,False
R0015,2023-01-06,T2,2100,volt,normal,C,4,H0012,D034,TR045,4,62.6,6|6|3,82.09078710524065|80.67261210993604|79.22233574724211,1500.0|1500.0|3600.0,-0.14597170436548626|0.35262247229216176|0.0548240455599036,1.0,0.17645854324069823,79.61,80.57,78.35,False,False,0.05123785258468316,4,False
R0015,2023-01-06,T2,2100,volt,normal,A,5,H0014,D037,TR033,5,65.3,1|7,76.40709423243167|81.38818256304648,5000.0|800.0,0.28911939868998415|0.15188314994674695,1.0,0.059111745929446416,83.21,83.52,83.45,False,False,0.06581230099340925,10,False
R0015,2023-01-06,T2,2100,volt,normal,A,6,H0119,D038,TR009,6,62.5,,,,,,0.019140953108397907,78.83,78.57,78.84,False,False,0.02290857476302529,12,False
R0015,2023-01-06,T3,2100,volt,normal,B,7,H0023,D036,TR030,7,66.3,10,83.94271223632201,200.0,-0.07971821090639905,-1.0,0.09635143235564793,78.9,76.29,76.19,False,False,0.03263852268941033,9,False
R0015,2023-01-06,T2,2100,volt,normal,B,8,H0060,D032,TR034,8,63.6,7|8|12,81.13513617245904|81.36746601235923|81.48040679118107,800.0|200.0|200.0,-0.05072666946359382|0.35262247229216176|0.7432541712034423,1.0,0.17850502987960762,70.85,72.46,70.87,False,False,0.0008904243154914695,14,False
R0015,2023-01-06,T1,2100,volt,normal,C,9,H0019,D059,TR074,9,62.0,7|9,82.5465500163118|82.35755158925663,800.0|200.0,-0.3093465397202384|0.29617316642859054,-1.0,0.10203531097105516,79.87,80.16,78.62,False,False,0.041421955057105775,7,False
R0015,2023-01-06,T3,2100,volt,normal,C,10,H0000,D043,TR024,10,67.3,1,77.00736109981939,5000.0,-0.003794351596264768,2.0,0.13484050588269128,81.08,81.62,83.6,False,False,0.017707524361227522,8,False
R0015,2023-01-06,T1,2100,volt,normal,C,11,H0013,D005,TR011,11,63.5,10|3,81.44053532746047|76.87486936638837,200.0|3600.0,0.28911939868998415|0.15853969107671423,1.0,0.04416608287231985,84.43,87.87,85.74,True,False,0.13084687885181248,5,False
R0015,2023-01-06,T2,2100,volt,normal,A,12,H0045,D023,TR034,12,66.3,2,77.53658294602575,4300.0,0.15853969107671423,-1.0,0.01993321310849885,81.83,83.82,80.34,False,False,0.060702282867385327,11,False
R0015,2023-01-06,T4,2100,volt,normal,B,13,H0030,D058,TR079,13,63.2,3|4,79.21255533559864|80.70345961600395,3600.0|2900.0,-0.23133626495165632|-0.15452948206880215,-1.0,0.01844297676390442,90.18,87.18,86.73,False,True,0.40206741238107974,1,False
R0015,2023-01-06,T2,2100,volt,normal,A,14,H0095,D024,TR038,14,64.3,,,,,,0.0581525448246994,73.04,73.37,75.07,False,False,0.0019963484269704987,2,False
R0016,2023-01-06,T2,1609,auto,normal,B,1,H0044,D059,TR063,1,62.7,,,,,,0.023625820214221247,80.11,81.41,78.72,False,False,0.03060697854491694,6,False
R0016,2023-01-06,T1,1609,auto,normal,C,2,H0030,D016,TR036,2,65.6,3|4|1,79.21255533559864|80.70345961600395|77.1787597491871,3600.0|2900.0|5000.0,-0.23133626495165632|-0.15452948206880215|0.06603069756121605,0.0,0.022849289789367077,89.57,91.23,87.58,False,False,0.5164160952111138,3,False
R0016,2023-01-06,T2,1609,auto,normal,C,3,H0035,D039,TR004,3,62.2,2|4|2,77.38808554279011|80.47813186197932|79.84429286966693,4300.0|2900.0|4300.0,0.28911939868998415|-0.35626397106142593|-0.15452948206880215,-1.0,0.08579121451220671,86.4,85.24,82.58,False,False,0.06506895839322241,5,False
R0016,2023-01-06,T4,1609,auto,normal,A,4,H0106,D009,TR015,4,66.4,5,79.83695176788831,2200.0,-0.3521335504882296,1.0,0.07257511233137662,75.1,74.74,74.33,False,False,0.005777961547380077,7,False
R0016,2023-01-06,T2,1609,auto,normal,B,5,H0032,D055,TR054,5,62.6,,,,,,0.054041291086329754,76.71,78.14,78.95,False,True,0.016128550067864757,8,False
R0016,2023-01-06,T1,1609,auto,normal,A,6,H0002,D019,TR015,6,62.7,,,,,,0.007394125165702856,85.72,83.15,87.55,True,False,0.20011880809130184,1,False
R0016,2023-01-06,T1,1609,auto,normal,A,7,H0085,D048,TR022,7,63.6,4|2,79.71750088084981|78.66780539090823,2900.0|4300.0,0.15188314994674695|0.08683481889421468,-1.0,0.06222006876990846,82.71,81.1,82.58,False,False,0.059140302762393585,2,False
R0016,2023-01-06,T1,1609,auto,normal,B,8,H0079,D019,TR043,8,62.7,4,80.82163819024544,2900.0,-0.07971821090639905,5.0,0.03705570135016615,79.0,79.27,79.78,False,False,0.10674234538180659,4,False
R0017,2023-01-10,T4,2600,auto,normal,B,1,H0113,D002,TR005,1,62.4,,,,,,0.08096555122964051,73.51,74.58,72.49,False,False,0.01901872292222251,8,False
R0017,2023-01-10,T3,2600,auto,normal,C,2,H0100,D048,TR001,2,62.1,,,,,,0.07980773389629559,78.98,78.52,80.21,False,False,0.056628151788971126,1,False
R0017,2023-01-10,T2,2600,auto,normal,A,3,H0117,D018,TR038,3,63.6,9|1,83.51044931909428|77.90504891003894,200.0|5000.0,-0.14597170436548626|-0.46235179266456716,5.0,0.042085238947173864,79.77,80.23,78.45,False,False,0.09817583885622733,3,False
R0017,2023-01-10,T4,2600,auto,normal,C,4,H0040,D016,TR067,4,62.9,6|2|4|1,79.28475095993625|76.44668470771542|79.69341221845413|79.49869303659541,1500.0|4300.0|2900.0|5000.0,0.45677523755741145|0.15853969107671423|-0.023958380046829514|-0.15452948206880215,3.0,0.023819885241296884,83.54,82.89,80.1,True,False,0.3309514738359975,2,False
R0017,2023-01-10,T4,2600,auto,normal,A,5,H0033,D033,TR027,5,64.1,8,80.81765522142985,200.0,0.7375155684670865,7.0,0.02288994367048311,77.24,75.45,78.26,False,False,0.016082229210711216,12,False
R0017,2023-01-10,T2,2600,auto,normal,C,6,H0063,D011,TR005,6,66.2,6,81.74144093963312,1500.0,-0.15452948206880215,3.0,0.03728549711433567,82.35,83.38,83.01,False,False,0.09661285343323929,4,False
R0017,2023-01-10,T2,2600,auto,normal,B,7,H0073,D002,TR018,7,67.5,4|6|5,78.98408300244948|80.55841616727179|79.45459836519588,2900.0|1500.0|2200.0,0.28911939868998415|-0.023958380046829514|0.15853969107671423,3.0,0.08810002260401656,83.19,81.03,81.32,False,False,0.10164826639637535,7,False
R0017,2023-01-10,T1,2600,auto,normal,A,8,H0034,D000,TR039,8,62.8,,,,,,0.10921529795518191,84.22,83.7,80.05,False,False,0.09376931561509733,6,False
R0017,2023-01-10,T2,2600,auto,normal,C,9,H0086,D004,TR015,9,67.0,12|5,83.57315917346202|80.21646216130941,200.0|2200.0,-0.05072666946359382|0.14481312316794914,5.0,0.054887732129338014,77.39,77.91,78.07,False,False,0.03278154449258446,10,False
R0017,2023-01-10,T1,2600,auto,normal,C,10,H0012,D009,TR078,10,65.1,6|6|3|4,82.09078710524065|80.67261210993604|79.22233574724211|78.28527685417248,1500.0|1500.0|3600.0|2900.0,-0.14597170436548626|0.35262247229216176|0.0548240455599036|0.1627530651050056,4.0,0.04125389982524886,79.98,81.21,82.8,False,False,0.05982619650102194,5,False
R0017,2023-01-10,T1,2600,auto,normal,A,11,H0014,D041,TR061,11,64.4,1|7|10,76.40709423243167|81.38818256304648|81.12099083001043,5000.0|800.0|200.0,0.28911939868998415|0.15188314994674695|0.06603069756121605,4.0,0.061640096734272,82.76,83.09,80.66,False,False,0.08603391113035434,9,False
R0017,2023-01-10,T3,2600,auto,normal,B,12,H0095,D017,TR027,12,62.5,2,77.65047674654254,4300.0,0.1627530651050056,4.0,0.022246833198750947,70.51,73.75,72.82,True,False,0.008471495817197599,11,False
R0018,2023-01-13,T3,1609,auto,soft,C,1,H0038,D017,TR036,1,64.4,3,78.00346692583027,3600.0,0.11744128640943755,9.0,0.07494530519241607,75.76,77.57,75.23,False,False,0.04498946679001855,9,False
R0018,2023-01-13,T3,1609,auto,soft,C,2,H0078,D056,TR037,2,63.7,13|8,83.91085425851642|80.60979657481538,200.0|200.0,-0.23133626495165632|-0.003794351596264768,9.0,0.23253537154879622,82.79,82.94,80.58,False,False,0.37524415825716,2,False
R0018,2023-01-13,T4,1609,auto,soft,C,3,H0112,D011,TR063,3,65.1,12|7,85.11643475874791|82.61967609532365,200.0|800.0,-0.07971821090639905|-0.07971821090639905,11.0,0.1737018554410108,76.66,78.65,77.13,False,False,0.009091668999708239,7,False
R0018,2023-01-13,T2,1609,auto,soft,A,4,H0088,D054,TR027,4,62.1,7,80.04026897064298,800.0,0.15853969107671423,6.0,0.002385228923316355,83.87,81.15,82.28,False,False,0.03316973440381164,6,False
R0018,2023-01-13,T3,1609,auto,soft,B,5,H0002,D001,TR000,5,67.3,1,75.6595171001969,5000.0,0.11668580914072822,7.0,0.007335354601389109,85.82,85.01,80.16,False,False,0.1995493787567212,1,False
R0018,2023-01-13,T2,1609,auto,soft,B,6,H0031,D001,TR030,6,65.1,11,82.09301604190006,200.0,0.4675093422520456,12.0,0.13961442208911282,75.83,77.9,80.08,False,False,0.05648622023459998,8,False
R0018,2023-01-13,T4,1609,auto,soft,A,7,H0081,D004,TR023,7,67.8,7,78.84854496021859,800.0,0.7432541712034423,8.0,0.09951921239221974,76.96,77.13,77.0,False,False,0.04668495024579101,5,False
R0018,2023-01-13,T2,1609,auto,soft,A,8,H0016,D047,TR058,8,64.3,7|6,81.42770469089996|79.36449769086164,800.0|1500.0,0.08683481889421468|0.06603069756121605,7.0,0.10986108149539717,81.61,82.37,81.11,False,False,0.13349028947027508,4,False
R0018,2023-01-13,T4,1609,auto,soft,C,9,H0039,D015,TR060,9,64.3,2|6,79.83664515780622|80.78241738147919,4300.0|1500.0,-0.14597170436548626|-0.46235179266456716,8.0,0.13825075840487777,82.22,83.54,80.51,True,False,0.10129413284191408,3,False
R0019,2023-01-14,T3,2100,volt,normal,B,1,H0119,D039,TR022,1,64.3,12,82.52339604680478,200.0,0.1627530651050056,8.0,0.07129100723058727,78.0,78.27,78.97,False,False,0.028249093841837696,3,False
R0019,2023-01-14,T1,2100,volt,normal,A,2,H0104,D000,TR077,2,62.3,6|7|6,80.73922668655652|81.26194007501832|79.59387213192416,1500.0|800.0|1500.0,-0.05072666946359382|-0.3521335504882296|0.21868859672901295,7.0,0.2541448782660892,76.73,76.96,79.89,False,False,0.013774968876186825,12,False
R0019,2023-01-14,T2,2100,volt,normal,B,3,H0059,D053,TR040,3,62.2,3|1|4,80.24146761629233|78.27699508082142|77.21348822839963,3600.0|5000.0|2900.0,-0.3093465397202384|-0.23133626495165632|0.15853969107671423,9.0,0.002549965837314134,85.49,83.44,83.0,True,False,0.10042097324862341,5,False
R0019,2023-01-14,T2,2100,volt,normal,C,4,H0000,D054,TR049,4,63.5,1|8,77.00736109981939|80.33374283280979,5000.0|200.0,-0.003794351596264768|0.06603069756121605,8.0,0.10407205437598847,81.26,81.77,80.28,False,False,0.03783609459569538,2,False
R0019,2023-01-14,T4,2100,volt,normal,A,5,H0026,D036,TR019,5,68.0,,,,,,0.03431242133494274,83.39,83.82,81.15,False,False,0.2276251931047684,6,False
R0019,2023-01-14,T4,2100,volt,normal,C,6,H0032,D034,TR022,6,64.6,8,79.58447709311316,200.0,0.4869724807855818,8.0,0.1639761800067781,79.1,77.59,76.98,False,False,0.053824260521225624,8,False
R0019,2023-01-14,T4,2100,volt,normal,B,7,H0030,D041,TR058,7,63.0,3|4|1|3,79.21255533559864|80.70345961600395|77.1787597491871|76.8725025004752,3600.0|2900.0|5000.0|3600.0,-0.23133626495165632|-0.15452948206880215|0.06603069756121605|0.11668580914072822,8.0,0.09685507856886082,91.56,90.5,89.5,False,False,0.3207537247401373,1,False
R0019,2023-01-14,T3,2100,volt,normal,A,8,H0033,D026,TR036,8,66.3,8|12,80.81765522142985|83.32165210024269,200.0|200.0,0.7375155684670865|0.06603069756121605,4.0,0.03891044587437037,76.25,76.14,74.37,False,False,0.027607006760347608,9,False
R0019,2023-01-14,T1,2100,volt,normal,B,9,H0049,D021,TR011,9,63.6,,,,,,0.05928661575831334,78.98,82.67,78.7,True,False,0.03007363082236244,10,False
R0019,2023-01-14,T2,2100,volt,normal,C,10,H0095,D021,TR066,10,64.0,2|11,77.65047674654254|83.10070066642011,4300.0|200.0,0.1627530651050056|0.06603069756121605,4.0,0.07801889861387519,73.03,72.03,74.85,False,False,0.0028603162347894976,13,False
R0019,2023-01-14,T3,2100,volt,normal,B,11,H0015,D009,TR032,11,66.5,9|4,81.01989549460315|80.86956147270968,200.0|2900.0,0.4675093422520456|0.002525494009577042,12.0,0.0009553266283149855,75.0,75.93,74.97,False,False,0.018536577873530902,11,False
R0019,2023-01-14,T1,2100,volt,normal,C,12,H0117,D050,TR053,12,66.2,9|1|3,83.51044931909428|77.90504891003894|79.2075504667967,200.0|5000.0|3600.0,-0.14597170436548626|-0.46235179266456716|0.06603069756121605,4.0,0.017064714607726517,80.71,79.93,79.67,False,False,0.03251193166227092,4,False
R0019,2023-01-14,T2,2100,volt,normal,A,13,H0076,D019,TR027,13,62.1,,,,,,0.013709812042050207,78.32,78.41,78.36,False,False,0.10592622771822387,7,False
R0020,2023-01-12,T2,3100,auto,normal,A,1,H0037,D006,TR021,1,64.8,3|13,80.14898452379899|82.63129051650826,3600.0|200.0,-0.07971821090639905|0.1627530651050056,6.0,0.05031933615970331,74.89,76.77,76.53,False,False,0.3231504044418394,6,False
R0020,2023-01-12,T1,3100,auto,normal,B,2,H0025,D032,TR010,2,63.2,14,84.5197243459587,200.0,-0.46235179266456716,7.0,0.16105791503958977,78.28,80.55,77.85,False,False,0.04726593349826571,8,False
R0020,2023-01-12,T3,3100,auto,normal,C,3,H0084,D033,TR026,3,66.3,,,,,,0.09342320853374297,73.97,74.24,74.09,False,False,0.007725996462220774,9,False
R0020,2023-01-12,T4,3100,auto,normal,C,4,H0007,D001,TR064,4,65.7,11,83.04555398017264,200.0,-0.46235179266456716,7.0,0.015362579000435243,78.69,78.21,77.94,False,False,0.21520149855835843,4,False
R0020,2023-01-12,T3,3100,auto,normal,C,5,H0015,D032,TR074,5,66.9,9|4|11,81.01989549460315|80.86956147270968|81.73249126134142,200.0|2900.0|200.0,0.4675093422520456|0.002525494009577042|-0.10875174097479069,-2.0,0.028665923986377725,76.66,77.61,76.47,False,False,0.011322472863547187,2,False
R0020,2023-01-12,T2,3100,auto,normal,B,6,H0094,D043,TR050,6,65.3,8|13,82.89426154412422|82.8001710217338,200.0|200.0,-0.07971821090639905|0.11744128640943755,8.0,0.06795698030429885,73.71,72.19,72.09,False,False,0.008476575266426714,3,False
R0020,2023-01-12,T3,3100,auto,normal,C,7,H0100,D022,TR049,7,62.8,1,78.47587314392149,5000.0,0.06603069756121605,2.0,0.04084491210654635,78.41,80.52,78.62,False,False,0.018603072400184373,7,False
R0020,2023-01-12,T2,3100,auto,normal,B,8,H0051,D032,TR049,8,62.6,,,,,,0.018364731435103164,82.81,82.95,79.72,False,False,0.06748855478086295,1,False
R0020,2023-01-12,T4,3100,auto,normal,A,9,H0064,D017,TR038,9,64.6,11,84.17393675814425,200.0,-0.14597170436548626,10.0,0.010406798429403055,81.84,81.89,83.47,False,False,0.3007654917282944,5,False
R0021,2023-01-10,T1,3100,volt,normal,C,1,H0077,D031,TR029,1,63.2,8|8,79.27921120061524|80.13807660621656,200.0|200.0,0.7432541712034423|0.21868859672901295,3.0,0.009702282897043267,81.19,80.96,82.43,False,False,0.038508070649525,9,False
R0021,2023-01-10,T1,3100,volt,normal,A,2,H0107,D037,TR006,2,65.8,12,82.56892904524722,200.0,0.4675093422520456,9.0,0.02896085866500343,79.54,78.41,80.61,False,False,0.030506833610059333,7,False
R0021,2023-01-10,T2,3100,volt,normal,C,3,H0010,D012,TR047,3,67.5,8,80.65816122433802,200.0,0.28911939868998415,9.0,0.23553370442441687,85.39,81.55,82.38,False,False,0.20448654111103368,2,False
R0021,2023-01-10,T1,3100,volt,normal,B,4,H0031,D054,TR035,4,67.0,11|8,82.09301604190006|78.92646296974368,200.0|200.0,0.4675093422520456|0.4247487214942039,-3.0,0.13684987927827302,77.16,76.98,76.81,False,False,0.04261402260452774,3,False
R0021,2023-01-10,T2,3100,volt,normal,A,5,H0059,D003,TR004,5,66.7,3|1|4|5,80.24146761629233|78.27699508082142|77.21348822839963|79.15699085773758,3600.0|5000.0|2900.0|2200.0,-0.3093465397202384|-0.23133626495165632|0.15853969107671423|-0.3333041369047793,-4.0,0.06148921219158409,85.15,84.05,84.99,False,True,0.24674184193065202,1,False
R0021,2023-01-10,T1,3100,volt,normal,C,6,H0040,D039,TR046,6,65.9,6|2|4|1|2,79.28475095993625|76.44668470771542|79.69341221845413|79.49869303659541|78.35817520652849,1500.0|4300.0|2900.0|5000.0|4300.0,0.45677523755741145|0.15853969107671423|-0.023958380046829514|-0.15452948206880215|0.02185214552344288,0.0,0.006713794743856213,84.16,84.78,81.61,False,False,0.16913984405368213,5,False
R0021,2023-01-10,T2,3100,volt,normal,A,7,H0014,D008,TR016,7,65.7,1|7|10|9,76.40709423243167|81.38818256304648|81.12099083001043|81.89992468112376,5000.0|800.0|200.0|200.0,0.28911939868998415|0.15188314994674695|0.06603069756121605|0.02185214552344288,0.0,0.05972662894808112,81.69,80.6,82.25,False,False,0.09008491760880738,8,False
R0021,2023-01-10,T3,3100,volt,normal,A,8,H0111,D041,TR018,8,66.1,5,80.26338119807475,2200.0,0.26677001990663085,5.0,0.02722296494395709,82.35,81.5,81.34,False,False,0.050588228143660784,4,False
R0021,2023-01-10,T3,3100,volt,normal,B,9,H0050,D029,TR000,9,65.1,6,79.48277986963579,1500.0,0.4675093422520456,9.0,0.14766837331815835,81.64,81.74,79.12,False,False,0.05623749011079417,10,False
R0021,2023-01-10,T4,3100,volt,normal,B,10,H0110,D058,TR029,10,67.7,6,79.29952485084675,1500.0,-0.003794351596264768,6.0,0.07231712761189449,81.71,82.66,82.63,False,False,0.049018107383199845,6,False
R0021,2023-01-10,T2,3100,volt,normal,B,11,H0039,D039,TR017,11,65.8,2|6|3,79.83664515780622|80.78241738147919|76.60978534452195,4300.0|1500.0|3600.0,-0.14597170436548626|-0.46235179266456716|-0.01883211615105837,-3.0,0.018010998781004397,83.22,81.2,81.16,False,False,0.02207410279405775,11,False
R0022,2023-01-12,T4,2600,volt,hard,C,1,H0082,D002,TR031,1,64.1,,,,,,0.1254909778298484,77.54,79.25,77.05,False,False,0.01659321325245452,8,False
R0022,2023-01-12,T2,2600,volt,hard,A,2,H0011,D004,TR013,2,64.0,1|3,76.87555851094106|80.54579230491156,5000.0|3600.0,0.45677523755741145|-0.35626397106142593,10.0,0.03771510720418201,83.12,83.92,83.0,False,True,0.23654547364544806,4,False
R0022,2023-01-12,T2,2600,volt,hard,C,3,H0048,D040,TR051,3,66.6,2,79.6452916563294,4300.0,-0.3093465397202384,11.0,0.011727570499982375,83.18,83.4,82.14,False,False,0.025246892640307616,5,False
R0022,2023-01-12,T2,2600,volt,hard,B,4,H0094,D027,TR002,4,66.3,8|13|3,82.89426154412422|82.8001710217338|80.56589222030634,200.0|200.0|3600.0,-0.07971821090639905|0.11744128640943755|-0.36514805226380964,0.0,0.04074270276514723,71.94,71.4,72.22,False,False,0.005495027002262939,6,False
R0022,2023-01-12,T1,2600,volt,hard,C,5,H0006,D013,TR019,5,62.4,1|8,79.46875101270004|82.69883740416809,5000.0|200.0,-0.3093465397202384|-0.14597170436548626,10.0,0.08684038471518415,79.29,80.3,80.97,False,False,0.0465655010009177,12,False
R0022,2023-01-12,T3,2600,volt,hard,B,6,H0003,D012,TR057,6,64.5,6,82.04012011199633,1500.0,-0.35626397106142593,10.0,0.10227902392368018,83.82,83.34,82.16,False,True,0.16636051389827133,1,False
R0022,2023-01-12,T3,2600,volt,hard,B,7,H0029,D039,TR001,7,67.1,8|7,81.53247891970267|79.81378530241157,200.0|800.0,-0.023958380046829514|-0.003794351596264768,8.0,0.01581519722866091,84.51,81.9,82.3,False,False,0.08064189950311361,7,False
R0022,2023-01-12,T4,2600,volt,hard,A,8,H0042,D031,TR079,8,68.0,,,,,,0.08878677150030698,77.95,75.99,77.76,False,False,0.012906310390500763,13,False
R0022,2023-01-12,T4,2600,volt,hard,B,9,H0005,D038,TR032,9,66.1,9,82.38818683896925,200.0,-0.3521335504882296,7.0,0.2027800410376238,74.38,75.49,74.28,False,False,0.009335601012293401,10,False
R0022,2023-01-12,T4,2600,volt,hard,C,10,H0116,D016,TR031,10,63.6,5,81.04897480466845,2200.0,-0.15452948206880215,5.0,0.028890712607145035,82.88,80.58,83.37,False,False,0.03939742806434085,11,False
R0022,2023-01-12,T3,2600,volt,hard,A,11,H0057,D031,TR042,11,63.2,,,,,,0.04256540676258862,88.38,88.12,87.04,True,False,0.22697658032307977,3,False
R0022,2023-01-12,T1,2600,volt,hard,C,12,H0085,D051,TR051,12,62.4,4|2|2,79.71750088084981|78.66780539090823|76.329165607374,2900.0|4300.0|4300.0,0.15188314994674695|0.08683481889421468|0.11668580914072822,6.0,0.05253187482872876,82.47,81.17,80.38,False,False,0.07217585280500702,2,False
R0022,2023-01-12,T2,2600,volt,hard,C,13,H0053,D018,TR036,13,65.1,9,82.18485957545538,200.0,0.14481312316794914,7.0,0.05017597719767571,77.97,79.14,75.97,False,False,0.06175970646200239,9,False
R0023,2023-01-12,T4,3100,volt,normal,B,1,H0114,D007,TR002,1,64.3,4,78.9021852224801,2900.0,0.04151742709930327,8.0,0.005462158726517253,81.41,80.89,81.14,False,False,0.03242185678895302,5,False
R0023,2023-01-12,T3,3100,volt,normal,A,2,H0026,D056,TR076,2,67.0,6,79.48551753223389,1500.0,-0.3333041369047793,-2.0,0.12051097290064924,82.19,82.43,81.75,False,False,0.30012733292946475,1,False
R0023,2023-01-12,T3,3100,volt,normal,C,3,H0106,D035,TR041,3,64.9,5|7,79.83695176788831|78.98509213737134,2200.0|800.0,-0.3521335504882296|0.4869724807855818,6.0,0.026983059706940433,75.66,76.35,75.9,False,False,0.10932229337996723,10,False
R0023,2023-01-12,T2,3100,volt,normal,C,4,H0071,D012,TR062,4,62.3,3,78.08697685429273,3600.0,0.4675093422520456,11.0,0.018373518021005054,76.29,75.32,75.98,False,False,0.010195557291728196,12,False
R0023,2023-01-12,T3,3100,volt,normal,C,5,H0075,D010,TR025,5,63.4,8,81.66022666112691,200.0,-0.23133626495165632,8.0,0.06634024359765892,81.9,82.4,81.06,False,False,0.10649006235201777,6,False
R0023,2023-01-12,T4,3100,volt,normal,B,6,H0080,D025,TR023,6,64.8,3,77.95491371015439,3600.0,0.7375155684670865,9.0,0.04959039269256701,82.6,82.63,80.79,False,False,0.12446720314739253,7,False
R0023,2023-01-12,T4,3100,volt,normal,C,7,H0084,D043,TR018,7,67.1,9,83.49901649554965,200.0,-0.36514805226380964,0.0,0.0030521314250741716,72.95,73.51,73.47,False,True,0.013293230326554311,11,False
R0023,2023-01-12,T3,3100,volt,normal,C,8,H0117,D043,TR017,8,65.7,9|1|3|4,83.51044931909428|77.90504891003894|79.2075504667967|78.62900333786301,200.0|5000.0|3600.0|2900.0,-0.14597170436548626|-0.46235179266456716|0.06603069756121605|-0.3333041369047793,-2.0,0.007939774465504002,81.66,80.0,81.99,False,False,0.03478751308755009,8,False
R0023,2023-01-12,T2,3100,volt,normal,C,9,H0103,D011,TR037,9,62.7,4|1,78.3496488304373|77.08790322885828,2900.0|5000.0,0.45677523755741145|0.15853969107671423,5.0,0.11439398968434754,83.52,82.28,84.8,False,False,0.07404029022686424,4,False
R0023,2023-01-12,T4,3100,volt,normal,C,10,H0088,D043,TR008,10,66.4,7|6,80.04026897064298|78.32288390364558,800.0|1500.0,0.15853969107671423|-0.01883211615105837,-1.0,0.09670941203897207,83.13,82.37,79.84,False,False,0.03233604156307879,3,False
R0023,2023-01-12,T4,3100,volt,normal,B,11,H0061,D053,TR067,11,62.5,12|11,83.9154849748178|81.90631486042011,200.0|200.0,-0.46235179266456716|0.11744128640943755,8.0,0.06646724675985594,79.17,77.99,79.89,False,False,0.06515314422534976,2,False
R0023,2023-01-12,T3,3100,volt,normal,B,12,H0078,D013,TR040,12,67.9,13|8|2,83.91085425851642|80.60979657481538|76.66517662666503,200.0|200.0|4300.0,-0.23133626495165632|-0.003794351596264768|-0.01883211615105837,-1.0,0.03973531565529131,83.55,82.84,84.6,False,False,0.09736547468107938,9,False
R0024,2023-01-16,T3,2600,auto,normal,A,1,H0119,D038,TR013,1,67.1,12|3,82.52339604680478|78.17017218077184,200.0|3600.0,0.1627530651050056|-0.20270025040654568,2.0,0.0077352372473302525,79.55,77.71,77.67,False,False,0.19220382741152467,5,False
R0024,2023-01-16,T3,2600,auto,normal,A,2,H0076,D033,TR056,2,65.3,7,80.41090901892416,800.0,-0.10875174097479069,2.0,0.013841547100528602,77.7,77.73,75.68,False,False,0.022640109603561605,8,False
R0024,2023-01-16,T4,2600,auto,normal,A,3,H0002,D055,TR029,3,63.2,1|1,75.6595171001969|75.39191563164795,5000.0|5000.0,0.11668580914072822|-0.01883211615105837,3.0,0.02932478311326964,83.52,83.6,81.95,False,False,0.18710346662661181,6,False
R0024,2023-01-16,T1,2600,auto,normal,A,4,H0117,D034,TR034,4,63.3,9|1|3|4|8,83.51044931909428|77.90504891003894|79.2075504667967|78.62900333786301|82.8704299623413,200.0|5000.0|3600.0|2900.0|200.0,-0.14597170436548626|-0.46235179266456716|0.06603069756121605|-0.3333041369047793|0.45677523755741145,4.0,0.004023399915798995,80.41,78.77,81.12,False,False,0.09857239494944678,7,False
R0024,2023-01-16,T4,2600,auto,normal,B,5,H0042,D030,TR067,5,67.1,13,84.4842289394071,200.0,0.33174860718129334,4.0,0.13115630964687217,76.81,76.02,78.83,False,False,0.07927051767044876,1,False
R0024,2023-01-16,T4,2600,auto,normal,C,6,H0082,D018,TR067,6,64.7,8,81.72466386470185,200.0,0.33174860718129334,4.0,0.13590727936253208,76.93,79.14,77.45,True,False,0.290601647937003,3,False
R0024,2023-01-16,T1,2600,auto,normal,B,7,H0081,D005,TR015,7,62.9,7|5,78.84854496021859|77.85683428833156,800.0|2200.0,0.7432541712034423|0.4247487214942039,3.0,0.04588374583785881,78.33,77.39,78.01,False,False,0.04178351275202936,4,False
R0024,2023-01-16,T1,2600,auto,normal,B,8,H0058,D052,TR024,8,63.5,,,,,,0.02651056257256053,75.82,77.65,76.09,False,False,0.010577011842302007,9,False
R0024,2023-01-16,T4,2600,auto,normal,B,9,H0045,D049,TR065,9,64.1,2|11,77.53658294602575|82.06111603838049,4300.0|200.0,0.15853969107671423|0.06603069756121605,10.0,0.018169449825639086,80.8,81.89,82.18,False,False,0.07724751120707193,2,False
R0025,2023-01-10,T1,3100,volt,hard,C,1,H0088,D024,TR027,1,63.9,7|6|3,80.04026897064298|78.32288390364558|80.27253622151348,800.0|1500.0|3600.0,0.15853969107671423|-0.01883211615105837|0.07212950771386951,-2.0,0.06680360823952103,82.79,83.12,80.51,False,False,0.07339288305171125,1,False
R0025,2023-01-10,T4,3100,volt,hard,B,2,H0006,D007,TR010,2,64.6,1|8|12,79.46875101270004|82.69883740416809|83.84562665056617,5000.0|200.0|200.0,-0.3093465397202384|-0.14597170436548626|0.33174860718129334,-2.0,0.023828911004816718,79.14,80.34,79.62,False,False,0.10312721041933992,11,False
R0025,2023-01-10,T4,3100,volt,hard,A,3,H0021,D020,TR023,3,66.1,6|10,82.22973928618593|82.57125841054496,1500.0|200.0,-0.07971821090639905|-0.05072666946359382,6.0,0.031915328458571667,77.67,76.95,78.47,False,False,0.043426694503780304,8,False
R0025,2023-01-10,T3,3100,volt,hard,B,4,H0039,D038,TR051,4,66.0,2|6|3|11,79.83664515780622|80.78241738147919|76.60978534452195|84.09659996714295,4300.0|1500.0|3600.0|200.0,-0.14597170436548626|-0.46235179266456716|-0.01883211615105837|0.36177152111792077,0.0,0.07724169094633884,83.8,83.44,81.76,False,False,0.09640226096780273,7,False
R0025,2023-01-10,T2,3100,volt,hard,A,5,H0045,D014,TR047,5,66.4,2|11|2,77.53658294602575|82.06111603838049|78.59043321872494,4300.0|200.0|4300.0,0.15853969107671423|0.06603069756121605|-0.395153246450803,-6.0,0.08519541219364325,78.35,79.9,80.8,False,False,0.11163950926671826,6,False
R0025,2023-01-10,T3,3100,volt,hard,C,6,H0117,D053,TR016,6,64.4,9|1|3|4|8|7,83.51044931909428|77.90504891003894|79.2075504667967|78.62900333786301|82.8704299623413|81.25516920066632,200.0|5000.0|3600.0|2900.0|200.0|800.0,-0.14597170436548626|-0.46235179266456716|0.06603069756121605|-0.3333041369047793|0.45677523755741145|-0.395153246450803,-6.0,0.011258777595385695,79.82,82.79,76.73,False,False,0.056871550981511226,4,False
R0025,2023-01-10,T2,3100,volt,hard,C,7,H0056,D054,TR001,7,67.7,5|5,81.37853545079473|78.1266081680956,2200.0|2200.0,0.002525494009577042|0.7432541712034423,5.0,0.09164926608224837,78.52,78.67,78.62,False,False,0.05702412368154612,3,False
R0025,2023-01-10,T1,3100,volt,hard,C,8,H0064,D022,TR018,8,63.8,11|5,84.17393675814425|81.5310370918331,200.0|2200.0,-0.14597170436548626|-0.6091595155009588,-2.0,0.0021740068760886357,82.13,85.34,81.93,False,False,0.0643068553197805,10,False
R0025,2023-01-10,T1,3100,volt,hard,C,9,H0016,D044,TR036,9,66.1,7|6|4,81.42770469089996|79.36449769086164|77.25933984703815,800.0|1500.0|2900.0,0.08683481889421468|0.06603069756121605|0.037165821260646686,-3.0,0.047307155962791135,83.05,82.1,79.99,False,False,0.1016352941869632,9,False
R0025,2023-01-10,T1,3100,volt,hard,A,10,H0037,D045,TR062,10,64.4,3|13|6,80.14898452379899|82.63129051650826|82.03282942271854,3600.0|200.0|1500.0,-0.07971821090639905|0.1627530651050056|-0.36514805226380964,-2.0,0.0661171667704228,74.49,76.13,76.69,False,False,0.008719441861844427,13,False
R0025,2023-01-10,T3,3100,volt,hard,B,11,H0051,D040,TR029,11,63.1,1,79.56646153641509,5000.0,-0.6091595155009588,-2.0,0.06084459405412701,85.14,83.54,79.94,False,False,0.09930380185547796,12,False
R0025,2023-01-10,T2,3100,volt,hard,A,12,H0048,D011,TR022,12,67.6,2|5,79.6452916563294|80.5605586549512,4300.0|2200.0,-0.3093465397202384|0.18025830726099468,-2.0,0.011617666847763022,82.97,83.09,83.53,False,False,0.0901120595841711,5,False
R0025,2023-01-10,T2,3100,volt,hard,A,13,H0032,D002,TR044,13,63.3,8|8,79.58447709311316|80.3783265008192,200.0|200.0,0.4869724807855818|-0.10875174097479069,-4.0,0.2001616024014217,77.51,77.23,77.92,False,False,0.09403831431935306,2,False
R0026,2023-01-13,T2,2600,auto,normal,A,1,H0081,D039,TR050,1,67.1,7|5|4,78.84854496021859|77.85683428833156|79.26000302590533,800.0|2200.0|2900.0,0.7432541712034423|0.4247487214942039|-0.30120473701904804,-3.0,0.06592900678340952,76.25,78.15,78.22,False,False,0.006292415121486496,9,False
R0026,2023-01-13,T3,2600,auto,normal,B,2,H0097,D041,TR018,2,66.6,3|8,78.12798723316016|81.75092783417328,3600.0|200.0,0.21868859672901295|0.29617316642859054,6.0,0.018261803236131,75.24,77.42,75.75,False,False,0.006712353618163127,3,False
R0026,2023-01-13,T1,2600,auto,normal,A,3,H0072,D034,TR075,3,66.4,2,79.4468292989933,4300.0,-0.07971821090639905,11.0,0.015290816633888503,76.66,76.23,75.65,False,False,0.013645552512528436,7,False
R0026,2023-01-13,T2,2600,auto,normal,B,4,H0060,D013,TR018,4,65.8,7|8|12|14,81.13513617245904|81.36746601235923|81.48040679118107|83.23556080678252,800.0|200.0|200.0|200.0,-0.05072666946359382|0.35262247229216176|0.7432541712034423|0.1627530651050056,7.0,0.16685753043884943,71.07,72.31,72.11,True,False,0.001931829552819482,10,False
R0026,2023-01-13,T2,2600,auto,normal,B,5,H0006,D017,TR034,5,63.2,1|8|12|11,79.46875101270004|82.69883740416809|83.84562665056617|84.20743419349972,5000.0|200.0|200.0|200.0,-0.3093465397202384|-0.14597170436548626|0.33174860718129334|0.2937196904057559,3.0,0.04731340669892015,81.61,80.17,81.75,False,False,0.029275914302920637,4,False
R0026,2023-01-13,T1,2600,auto,normal,C,6,H0101,D044,TR068,6,63.4,,,,,,0.08530630455107402,87.18,84.75,87.79,False,False,0.6539666213564235,1,False
R0026,2023-01-13,T1,2600,auto,normal,B,7,H0046,D037,TR041,7,65.3,5|1|2,81.53742244943591|75.83314948365789|77.12750304947504,2200.0|5000.0|4300.0,-0.3093465397202384|0.15853969107671423|-0.003794351596264768,9.0,0.0035568450328312853,83.84,83.6,82.35,False,False,0.20615082720219197,2,False
R0026,2023-01-13,T1,2600,auto,normal,B,8,H0045,D014,TR019,8,63.7,2|11|2|6,77.53658294602575|82.06111603838049|78.59043321872494|81.69196561382836,4300.0|200.0|4300.0|1500.0,0.15853969107671423|0.06603069756121605|-0.395153246450803|0.24829559362489212,3.0,0.0324873715256412,81.02,78.8,82.56,False,False,0.026878344077621477,6,False
R0026,2023-01-13,T1,2600,auto,normal,B,9,H0021,D052,TR006,9,66.3,6|10|8,82.22973928618593|82.57125841054496|82.89505162675661,1500.0|200.0|200.0,-0.07971821090639905|-0.05072666946359382|0.2937196904057559,3.0,0.011733379956026819,76.11,76.16,77.47,False,False,0.01596596453611897,8,False
R0026,2023-01-13,T4,2600,auto,normal,A,10,H0111,D058,TR028,10,64.5,5|4,80.26338119807475|80.88345513283669,2200.0|2900.0,0.26677001990663085|0.45096649289895147,3.0,0.028337036309928804,80.74,80.33,81.17,False,False,0.03918017771972595,5,False
R0027,2023-01-16,T4,1609,auto,normal,C,1,H0031,D007,TR020,1,62.3,11|8|3,82.09301604190006|78.92646296974368|80.44556903253996,200.0|200.0|3600.0,0.4675093422520456|0.4247487214942039|0.45096649289895147,6.0,0.05746368819466899,77.95,77.84,77.79,False,True,0.013480087027752403,8,False
R0027,2023-01-16,T4,1609,auto,normal,A,2,H0118,D048,TR044,2,62.3,6,78.34243439524002,1500.0,0.15853969107671423,11.0,0.012802819494325884,85.89,88.28,85.39,False,False,0.32419355522307663,6,False
R0027,2023-01-16,T3,1609,auto,normal,A,3,H0019,D046,TR063,3,67.8,7|9|7,82.5465500163118|82.35755158925663|79.89256124119731,800.0|200.0|800.0,-0.3093465397202384|0.29617316642859054|0.1627530651050056,10.0,0.030931006888658418,79.82,80.79,78.77,False,False,0.017210626724094243,10,False
R0027,2023-01-16,T4,1609,auto,normal,B,4,H0068,D056,TR044,4,62.3,7|2,80.41205963410482|78.37086571542085,800.0|4300.0,0.45677523755741145|0.15188314994674695,11.0,0.0985257146563459,82.85,86.3,83.89,False,False,0.1314043912863822,1,False
R0027,2023-01-16,T1,1609,auto,normal,A,5,H0083,D003,TR046,5,62.2,12,84.79173850526061,200.0,-0.07971821090639905,9.0,0.020089388641730488,77.07,77.23,80.88,False,False,0.1992986919628464,4,False
R0027,2023-01-16,T2,1609,auto,normal,A,6,H0100,D024,TR003,6,63.2,1|7,78.47587314392149|82.47018058180191,5000.0|800.0,0.06603069756121605|-0.5961450137253788,4.0,0.09683437373378938,77.92,78.02,78.5,False,False,0.023165666543495,9,False
R0027,2023-01-16,T1,1609,auto,normal,C,7,H0002,D030,TR051,7,65.4,1|1|6,75.6595171001969|75.39191563164795|80.49651257782382,5000.0|5000.0|1500.0,0.11668580914072822|-0.01883211615105837|-0.395153246450803,0.0,0.02963454728523493,82.33,82.98,82.88,False,False,0.05312365077957966,7,False
R0027,2023-01-16,T2,1609,auto,normal,C,8,H0073,D041,TR035,8,64.9,4|6|5|7,78.98408300244948|80.55841616727179|79.45459836519588|81.07208042893019,2900.0|1500.0|2200.0|800.0,0.28911939868998415|-0.023958380046829514|0.15853969107671423|0.02185214552344288,6.0,0.06706812584293921,82.5,80.6,81.18,False,False,0.043512681401690345,5,False
R0027,2023-01-16,T4,1609,auto,normal,C,9,H0097,D037,TR009,9,65.5,3|8|3,78.12798723316016|81.75092783417328|78.87128475855495,3600.0|200.0|3600.0,0.21868859672901295|0.29617316642859054|0.12784040316728537,3.0,0.1270184249636064,76.09,73.49,76.18,False,False,0.02328358017129043,3,False
R0027,2023-01-16,T3,1609,auto,normal,B,10,H0052,D033,TR017,10,67.0,,,,,,0.14738819363062475,73.38,72.39,73.2,False,False,0.002151393499276924,11,False
R0027,2023-01-16,T4,1609,auto,normal,C,11,H0034,D018,TR062,11,64.3,6,80.50756093481073,1500.0,0.02185214552344288,6.0,0.0043783164095548745,82.38,80.5,80.81,False,False,0.14170037557205603,2,False
R0027,2023-01-16,T4,1609,auto,normal,B,12,H0094,D006,TR073,12,66.6,8|13|3|6,82.89426154412422|82.8001710217338|80.56589222030634|80.62014031455409,200.0|200.0|3600.0|1500.0,-0.07971821090639905|0.11744128640943755|-0.36514805226380964|0.33174860718129334,4.0,0.016990997069166916,73.68,74.08,70.64,False,False,0.004053627592448958,12,False
R0027,2023-01-16,T3,1609,auto,normal,A,13,H0025,D025,TR040,13,65.8,14|8,84.5197243459587|82.94156203753893,200.0|200.0,-0.46235179266456716|-0.6091595155009588,4.0,0.2716079431134741,78.24,78.55,77.02,False,True,0.023421672216010866,13,False
R0028,2023-01-21,T1,1609,auto,hard,A,1,H0010,D046,TR022,1,62.9,8|2,80.65816122433802|79.95998700951547,200.0|4300.0,0.28911939868998415|0.36177152111792077,11.0,0.014405579530993078,85.19,84.94,85.1,False,False,0.3756363478821621,1,False
R0028,2023-01-21,T4,1609,auto,hard,A,2,H0038,D026,TR019,2,65.6,3|9,78.00346692583027|79.97288475407996,3600.0|200.0,0.11744128640943755|0.4247487214942039,8.0,0.05897068557534659,77.59,78.06,77.88,False,False,0.010137881098354937,6,False
R0028,2023-01-21,T4,1609,auto,hard,A,3,H0057,D008,TR035,3,63.4,3,79.3021792267977,3600.0,0.18025830726099468,9.0,0.04425065779717542,88.01,85.55,85.82,False,False,0.3331544414025564,2,False
R0028,2023-01-21,T1,1609,auto,hard,B,4,H0046,D020,TR012,4,64.5,5|1|2|2,81.53742244943591|75.83314948365789|77.12750304947504|78.70777834863365,2200.0|5000.0|4300.0|4300.0,-0.3093465397202384|0.15853969107671423|-0.003794351596264768|-0.6619259410666513,8.0,0.10308236028445293,83.7,81.71,83.67,False,False,0.21845778202526156,5,False
R0028,2023-01-21,T2,1609,auto,hard,C,5,H0004,D035,TR032,5,64.1,13,83.93319752345946,200.0,-0.3521335504882296,16.0,0.05046327704875347,70.62,70.09,71.05,False,False,0.00817698180362519,3,False
R0028,2023-01-21,T2,1609,auto,hard,A,6,H0087,D045,TR028,6,67.8,2|4,77.24459671100595|79.38175114997178,4300.0|2900.0,0.7375155684670865|-0.23133626495165632,17.0,0.057248137349794954,79.32,80.01,80.98,False,False,0.0178539122703832,4,False
R0028,2023-01-21,T2,1609,auto,hard,C,7,H0076,D015,TR022,7,67.6,7|8,80.41090901892416|81.54342353812412,800.0|200.0,-0.10875174097479069|-0.30120473701904804,5.0,0.08035644632954425,77.55,79.7,79.36,False,False,0.029982471157414852,8,False
R0028,2023-01-21,T1,1609,auto,hard,C,8,H0094,D044,TR062,8,62.9,8|13|3|6|12,82.89426154412422|82.8001710217338|80.56589222030634|80.62014031455409|81.12109301376962,200.0|200.0|3600.0|1500.0|200.0,-0.07971821090639905|0.11744128640943755|-0.36514805226380964|0.33174860718129334|-0.20102973073724123,5.0,0.03499239342111417,69.63,72.71,74.29,False,False,0.006600182360241827,7,False
R0029,2023-01-15,T3,2100,volt,normal,B,1,H0066,D011,TR004,1,63.5,5|9,80.32112516713244|81.14521967228927,2200.0|200.0,-0.05072666946359382|0.11744128640943755,11.0,0.15316072426957755,77.63,78.52,79.95,False,False,0.010714821623484616,4,False
R0029,2023-01-15,T4,2100,volt,normal,B,2,H0004,D037,TR025,2,63.0,13|3,83.93319752345946|76.72263720859353,200.0|3600.0,-0.3521335504882296|0.01249411872768743,-6.0,0.0248785190224136,69.58,71.68,74.49,False,False,0.007915388188661922,5,False
R0029,2023-01-15,T2,2100,volt,normal,B,3,H0105,D006,TR064,3,63.2,,,,,,0.043737711476083345,78.33,78.08,79.61,False,False,0.21838909675024515,6,False
R0029,2023-01-15,T1,2100,volt,normal,A,4,H0020,D002,TR011,4,67.7,,,,,,0.08909908654499082,79.81,77.58,79.27,False,False,0.03538370828060202,8,False
R0029,2023-01-15,T1,2100,volt,normal,B,5,H0000,D006,TR063,5,62.0,1|8|2,77.00736109981939|80.33374283280979|77.5726526158495,5000.0|200.0|4300.0,-0.003794351596264768|0.06603069756121605|-0.3333041369047793,1.0,0.008423656269520184,80.99,82.48,83.26,False,False,0.23778819789354902,1,False
R0029,2023-01-15,T2,2100,volt,normal,A,6,H0059,D045,TR037,6,63.7,3|1|4|5|1,80.24146761629233|78.27699508082142|77.21348822839963|79.15699085773758|79.31772740655869,3600.0|5000.0|2900.0|2200.0|5000.0,-0.3093465397202384|-0.23133626495165632|0.15853969107671423|-0.3333041369047793|0.36177152111792077,5.0,0.010523769343160074,84.8,85.22,82.93,False,False,0.3259048175463487,2,False
R0029,2023-01-15,T2,2100,volt,normal,A,7,H0087,D044,TR011,7,64.2,2|4|4,77.24459671100595|79.38175114997178|77.73991703064772,4300.0|2900.0|2900.0,0.7375155684670865|-0.23133626495165632|-0.42725264633653426,-6.0,0.005516460375236476,79.12,79.25,79.17,False,False,0.0915188052006829,7,False
R0029,2023-01-15,T4,2100,volt,normal,C,8,H0114,D017,TR074,8,65.0,4|5,78.9021852224801|81.44820203022286,2900.0|2200.0,0.04151742709930327|0.45677523755741145,3.0,0.0063693587267590526,79.65,78.4,80.24,False,False,0.07238516451642577,3,False
R0030,2023-01-14,T2,2100,auto,normal,C,1,H0052,D034,TR002,1,66.6,11,81.1054298677811,200.0,-0.20102973073724123,-2.0,0.01785642849411854,72.22,70.77,72.54,False,False,0.04678127852815594,2,False
R0030,2023-01-14,T1,2100,auto,normal,C,2,H0068,D000,TR033,2,62.3,7|2|1,80.41205963410482|78.37086571542085|75.60612427731951,800.0|4300.0|5000.0,0.45677523755741145|0.15188314994674695|-0.36514805226380964,-2.0,0.00703900479807965,84.3,82.01,82.5,False,False,0.37385454229597853,4,False
R0030,2023-01-14,T4,2100,auto,normal,C,3,H0081,D054,TR014,3,64.7,7|5|4|9,78.84854496021859|77.85683428833156|79.26000302590533|82.14581824606539,800.0|2200.0|2900.0|200.0,0.7432541712034423|0.4247487214942039|-0.30120473701904804|0.12784040316728537,1.0,0.07547380023782027,75.88,78.04,77.11,False,False,0.030195498111915044,7,False
R0030,2023-01-14,T3,2100,auto,normal,A,4,H0112,D034,TR045,4,65.2,12|7|7,85.11643475874791|82.61967609532365|78.92963877858912,200.0|800.0|800.0,-0.07971821090639905|-0.07971821090639905|0.4247487214942039,1.0,0.035672584699398505,77.2,77.75,75.89,False,False,0.16197103587436668,3,False
R0030,2023-01-14,T3,2100,auto,normal,B,5,H0024,D014,TR040,5,65.3,7|5,82.1857606177294|81.11567316028867,800.0|2200.0,0.002525494009577042|-0.07971821090639905,12.0,0.04246258174622969,77.79,80.08,80.86,False,False,0.05537246052260991,6,False
R0030,2023-01-14,T3,2100,auto,normal,B,6,H0083,D038,TR037,6,64.5,12|4,84.79173850526061|77.33205860867824,200.0|2900.0,-0.07971821090639905|-0.20102973073724123,-2.0,0.041069557685849384,78.26,78.58,79.21,False,False,0.244741981728733,1,False
R0030,2023-01-14,T1,2100,auto,normal,C,7,H0084,D040,TR078,7,63.7,9|11,83.49901649554965|84.37521672341742,200.0|200.0,-0.36514805226380964|0.45677523755741145,2.0,0.00569519539553975,72.81,74.47,75.51,False,False,0.02036272298498921,8,False
R0030,2023-01-14,T2,2100,auto,normal,C,8,H0107,D054,TR042,8,62.3,12|7,82.56892904524722|82.42522743174763,200.0|800.0,0.4675093422520456|0.45096649289895147,4.0,0.10004224001699938,77.46,79.71,79.23,False,False,0.06672047995325162,5,False
R0031,2023-01-11,T4,3100,volt,hard,A,1,H0093,D053,TR063,1,65.1,9|7|9|12|7,83.34282216945135|79.89130089841348|83.43104164100453|82.53460142793044|82.43718701408108,200.0|800.0|200.0|200.0|800.0,-0.3093465397202384|0.4675093422520456|-0.35626397106142593|0.11744128640943755|-0.15452948206880215,4.0,0.06415325795550417,80.6,79.53,80.16,False,False,0.016508502031523688,10,False
R0031,2023-01-11,T3,3100,volt,hard,C,2,H0034,D054,TR024,2,67.0,6|2,80.50756093481073|76.51171240683267,1500.0|4300.0,0.02185214552344288|-0.36514805226380964,-5.0,0.06512002851626635,82.57,80.8,83.04,False,False,0.03741019297805191,9,False
R0031,2023-01-11,T3,3100,volt,hard,B,3,H0010,D036,TR071,3,64.1,8|2|1,80.65816122433802|79.95998700951547|75.90438125632963,200.0|4300.0|5000.0,0.28911939868998415|0.36177152111792077|-0.42725264633653426,-10.0,0.034637032376133,85.93,85.6,84.42,False,False,0.32494892582295065,3,False
R0031,2023-01-11,T1,3100,volt,hard,B,4,H0091,D057,TR028,4,66.8,3|4,79.28048032516055|79.77053817213813,3600.0|2900.0,0.35262247229216176|0.29617316642859054,4.0,0.08819798606568227,79.11,78.82,76.84,False,False,0.05336365824204599,1,False
R0031,2023-01-11,T3,3100,volt,hard,A,5,H0076,D040,TR054,5,64.3,7|8|8,80.41090901892416|81.54342353812412|79.2057362882379,800.0|200.0|200.0,-0.10875174097479069|-0.30120473701904804|0.01249411872768743,-10.0,0.009345799619671047,78.03,77.12,79.59,False,False,0.02299961406301649,7,False
R0031,2023-01-11,T1,3100,volt,hard,C,6,H0112,D003,TR040,6,67.2,12|7|7|3,85.11643475874791|82.61967609532365|78.92963877858912|77.85557554595428,200.0|800.0|800.0|3600.0,-0.07971821090639905|-0.07971821090639905|0.4247487214942039|-0.4283278221631072,-3.0,0.03601895118269702,77.5,77.51,78.82,False,False,0.1963185452978428,8,False
R0031,2023-01-11,T4,3100,volt,hard,B,7,H0079,D054,TR005,7,65.9,4|4,80.82163819024544|76.98588152855085,2900.0|2900.0,-0.07971821090639905|0.4869724807855818,5.0,0.001997424276075141,76.3,78.65,80.82,False,False,0.05229922768038327,2,False
R0031,2023-01-11,T1,3100,volt,hard,B,8,H0102,D010,TR000,8,62.9,13|8,85.13777419613156|82.89304607057585,200.0|200.0,0.002525494009577042|-0.07971821090639905,9.0,0.06122555315838639,79.35,79.1,79.56,False,False,0.08914227846109289,11,False
R0031,2023-01-11,T1,3100,volt,hard,C,9,H0083,D022,TR014,9,65.0,12|4|1,84.79173850526061|77.33205860867824|76.52908987714162,200.0|2900.0|5000.0,-0.07971821090639905|-0.20102973073724123|-0.5941499556967944,-3.0,0.01589123001951173,79.21,79.66,77.16,False,False,0.004103254836401847,14,False
R0031,2023-01-11,T4,3100,volt,hard,B,10,H0092,D014,TR074,10,66.7,4,78.79468261628836,2900.0,0.21868859672901295,4.0,0.24648491392871813,77.54,78.25,77.58,False,False,0.012421540979334176,12,False
R0031,2023-01-11,T1,3100,volt,hard,B,11,H0007,D043,TR076,11,65.7,11|4,83.04555398017264|80.86794324640861,200.0|2900.0,-0.46235179266456716|-0.6091595155009588,-1.0,0.05776585478781009,78.74,78.72,78.99,False,False,0.05282448541169976,4,False
R0031,2023-01-11,T3,3100,volt,hard,C,12,H0036,D001,TR032,12,67.2,9|1|3,82.10880955791086|78.3068462783376|78.61817251645606,200.0|5000.0|3600.0,-0.16811547676037508|0.14481312316794914|0.29617316642859054,4.0,0.00846117563446822,79.97,78.39,78.45,False,False,0.06826836187389008,5,False
R0031,2023-01-11,T4,3100,volt,hard,B,13,H0104,D038,TR077,13,62.3,6|7|6|12,80.73922668655652|81.26194007501832|79.59387213192416|82.64514159666375,1500.0|800.0|1500.0|200.0,-0.05072666946359382|-0.3521335504882296|0.21868859672901295|-0.10875174097479069,-3.0,0.10031238210266463,75.08,76.05,75.1,False,False,0.0015624911199069382,13,False
R0031,2023-01-11,T4,3100,volt,hard,C,14,H0115,D051,TR003,14,66.2,2|9|9,78.88306830512607|82.14499230794742|83.29257037753644,4300.0|200.0|200.0,-0.3521335504882296|0.35262247229216176|-0.07971821090639905,4.0,0.1165224066372362,77.2,76.94,76.37,False,False,0.06782892120185971,6,False
R0032,2023-01-15,T3,2100,auto,normal,C,1,H0024,D004,TR042,1,67.9,7|5|6,82.1857606177294|81.11567316028867|79.44909978931868,800.0|2200.0|1500.0,0.002525494009577042|-0.07971821090639905|-0.5941499556967944,1.0,0.028603664111825057,79.41,78.51,81.25,False,False,0.043963078158823804,10,False
R0032,2023-01-15,T2,2100,auto,normal,B,2,H0093,D046,TR038,2,64.7,9|7|9|12|7|10,83.34282216945135|79.89130089841348|83.43104164100453|82.53460142793044|82.43718701408108|84.10686855179787,200.0|800.0|200.0|200.0|800.0|200.0,-0.3093465397202384|0.4675093422520456|-0.35626397106142593|0.11744128640943755|-0.15452948206880215|-0.35626397106142593,4.0,0.03835576925623023,80.04,80.19,79.76,False,False,0.06966191860112242,9,False
R0032,2023-01-15,T4,2100,auto,normal,B,3,H0049,D008,TR079,3,64.3,10,81.53721056873044,200.0,-0.3333041369047793,1.0,0.05091092021391336,79.47,81.16,82.32,False,True,0.029045988059863952,12,False
R0032,2023-01-15,T2,2100,auto,normal,A,4,H0075,D017,TR014,4,62.8,8|6,81.66022666112691|81.88964238582267,200.0|1500.0,-0.23133626495165632|0.07212950771386951,3.0,0.06813837466315463,83.9,82.75,82.4,False,False,0.2097711560016036,4,False
R0032,2023-01-15,T2,2100,auto,normal,B,5,H0064,D020,TR077,5,63.4,11|5|10,84.17393675814425|81.5310370918331|83.99434651286913,200.0|2200.0|200.0,-0.14597170436548626|-0.6091595155009588|0.17326449994814916,5.0,0.010186782440944692,83.73,83.84,81.81,False,False,0.1757985478607234,8,False
R0032,2023-01-15,T3,2100,auto,normal,B,6,H0094,D037,TR054,6,62.4,8|13|3|6|12|7,82.89426154412422|82.8001710217338|80.56589222030634|80.62014031455409|81.12109301376962|78.78321563633969,200.0|200.0|3600.0|1500.0|200.0|800.0,-0.07971821090639905|0.11744128640943755|-0.36514805226380964|0.33174860718129334|-0.20102973073724123|0.01249411872768743,-6.0,0.008860423982401876,69.72,70.63,74.25,False,False,0.011132649863871597,3,False
R0032,2023-01-15,T4,2100,auto,normal,B,7,H0010,D036,TR017,7,66.4,8|2|1|3,80.65816122433802|79.95998700951547|75.90438125632963|80.0779734995102,200.0|4300.0|5000.0|3600.0,0.28911939868998415|0.36177152111792077|-0.42725264633653426|-0.35626397106142593,4.0,0.007253313740902863,85.09,81.79,84.16,False,False,0.2441992396647604,5,False
R0032,2023-01-15,T3,2100,auto,normal,B,8,H0060,D047,TR054,8,63.2,7|8|12|14|10,81.13513617245904|81.36746601235923|81.48040679118107|83.23556080678252|82.82373364697882,800.0|200.0|200.0|200.0|200.0,-0.05072666946359382|0.35262247229216176|0.7432541712034423|0.1627530651050056|0.12784040316728537,2.0,0.005370579742181121,73.18,72.35,76.13,False,False,0.007167366974572678,11,False
R0032,2023-01-15,T3,2100,auto,normal,B,9,H0055,D017,TR060,9,63.6,12,84.87822302259332,200.0,0.002525494009577042,13.0,0.1354593529176768,76.76,78.69,77.45,True,False,0.024975486540678663,7,False
R0032,2023-01-15,T1,2100,auto,normal,C,10,H0050,D023,TR028,10,64.1,6|10,79.48277986963579|84.0586238859193,1500.0|200.0,0.4675093422520456|0.45096649289895147,5.0,0.017744502803633103,78.97,81.98,80.91,False,False,0.08858625477743731,6,False
R0032,2023-01-15,T2,2100,auto,normal,A,11,H0114,D023,TR027,11,63.5,4|5|3,78.9021852224801|81.44820203022286|77.88999688432548,2900.0|2200.0|3600.0,0.04151742709930327|0.45677523755741145|-0.18486236354526056,0.0,0.10025834449557303,78.89,80.59,82.71,False,False,0.060890246370652996,2,False
R0032,2023-01-15,T3,2100,auto,normal,B,12,H0005,D002,TR066,12,66.6,9|10,82.38818683896925|82.69644294790152,200.0|200.0,-0.3521335504882296|0.33174860718129334,3.0,0.17495529761666356,72.49,72.43,74.51,False,False,0.009530683991132327,1,False
R0032,2023-01-15,T3,2100,auto,normal,B,13,H0025,D044,TR012,13,62.3,14|8|13,84.5197243459587|82.94156203753893|81.83035245225827,200.0|200.0|200.0,-0.46235179266456716|-0.6091595155009588|-0.2140442325128213,-1.0,0.05506559066621981,76.73,79.69,78.34,False,False,0.025277383134756807,13,False
R0033,2023-01-17,T2,2100,auto,normal,A,1,H0091,D048,TR010,1,67.8,3|4|1,79.28048032516055|79.77053817213813|79.2117588325929,3600.0|2900.0|5000.0,0.35262247229216176|0.29617316642859054|-0.35626397106142593,6.0,0.10612295950406649,78.95,81.65,80.07,False,False,0.1307898574205443,7,False
R0033,2023-01-17,T4,2100,auto,normal,C,2,H0000,D005,TR070,2,64.9,1|8|2|1,77.00736109981939|80.33374283280979|77.5726526158495|76.93521550521429,5000.0|200.0|4300.0|5000.0,-0.003794351596264768|0.06603069756121605|-0.3333041369047793|-0.18486236354526056,2.0,0.018537017718446788,80.82,81.9,83.4,True,False,0.05853793969895277,2,False
R0033,2023-01-17,T1,2100,auto,normal,B,3,H0044,D043,TR015,3,62.2,6,78.50276159258793,1500.0,0.4869724807855818,11.0,0.1533559253772643,80.3,78.78,81.64,False,False,0.027874445608128212,5,False
R0033,2023-01-17,T1,2100,auto,normal,B,4,H0108,D001,TR042,4,66.6,5|2,78.68780832940111|78.97753622180528,2200.0|4300.0,0.28911939868998415|-0.23133626495165632,13.0,0.03009071729194753,84.94,83.76,81.77,False,False,0.10863511299696886,9,False
R0033,2023-01-17,T1,2100,auto,normal,B,5,H0036,D043,TR038,5,67.6,9|1|3|5,82.10880955791086|78.3068462783376|78.61817251645606|81.34644798375558,200.0|5000.0|3600.0|2200.0,-0.16811547676037508|0.14481312316794914|0.29617316642859054|-0.35626397106142593,6.0,0.05991759533757431,78.98,78.87,78.53,False,False,0.01462011821151628,14,False
R0033,2023-01-17,T3,2100,auto,normal,C,6,H0064,D007,TR061,6,65.1,11|5|10|8,84.17393675814425|81.5310370918331|83.99434651286913|80.53544602905362,200.0|2200.0|200.0|200.0,-0.14597170436548626|-0.6091595155009588|0.17326449994814916|-0.21592588069731433,2.0,0.025919735918281384,85.32,85.71,80.35,False,False,0.04730866574980806,3,False
R0033,2023-01-17,T2,2100,auto,normal,A,7,H0050,D015,TR003,7,62.9,6|10|6,79.48277986963579|84.0586238859193|79.72211254805855,1500.0|200.0|1500.0,0.4675093422520456|0.45096649289895147|-0.21592588069731433,2.0,0.0221303619297152,81.99,82.1,77.16,False,False,0.07867135971917041,4,False
R0033,2023-01-17,T4,2100,auto,normal,A,8,H0076,D042,TR008,8,65.6,7|8|8|7,80.41090901892416|81.54342353812412|79.2057362882379|82.06235729069635,800.0|200.0|200.0|800.0,-0.10875174097479069|-0.30120473701904804|0.01249411872768743|-0.3162425923435822,6.0,0.02099799589621917,77.1,78.12,74.38,False,False,0.033373935231408525,11,False
R0033,2023-01-17,T1,2100,auto,normal,A,9,H0092,D037,TR033,9,64.0,4|12,78.79468261628836|85.00117316975638,2900.0|200.0,0.21868859672901295|-0.3162425923435822,6.0,0.03858054138119563,77.95,80.15,77.96,False,False,0.023128417093629,13,False
R0033,2023-01-17,T2,2100,auto,normal,B,10,H0072,D046,TR037,10,65.0,2|7,79.4468292989933|81.30953340254379,4300.0|800.0,-0.07971821090639905|0.12784040316728537,4.0,0.07627500274922269,76.25,76.53,75.2,False,False,0.03523723240384085,6,False
R0033,2023-01-17,T3,2100,auto,normal,B,11,H0118,D036,TR063,11,65.8,6|6,78.34243439524002|78.1767198285324,1500.0|1500.0,0.15853969107671423|-0.36514805226380964,1.0,0.04998420700064675,87.23,88.44,85.48,False,False,0.21827277045995866,1,False
R0033,2023-01-17,T2,2100,auto,normal,A,12,H0045,D002,TR048,12,67.8,2|11|2|6|6,77.53658294602575|82.06111603838049|78.59043321872494|81.69196561382836|80.51058814256237,4300.0|200.0|4300.0|1500.0|1500.0,0.15853969107671423|0.06603069756121605|-0.395153246450803|0.24829559362489212|-0.6619259410666513,4.0,0.08505191055770385,81.09,80.19,82.23,False,False,0.07851813468546705,8,False
R0033,2023-01-17,T1,2100,auto,normal,B,13,H0047,D050,TR011,13,66.5,2|5,78.67651643332377|80.15523357868379,4300.0|2200.0,-0.023958380046829514|0.15941243654812298,10.0,0.08841870665691434,82.01,80.21,80.71,False,False,0.040564979478504716,10,False
R0033,2023-01-17,T3,2100,auto,normal,A,14,H0027,D012,TR078,14,65.6,9,81.0794066600031,200.0,0.7375155684670865,14.0,0.037102776256921426,80.79,81.01,83.17,True,False,0.10446703124210226,12,False
R0034,2023-01-14,T1,2100,auto,normal,C,1,H0116,D055,TR049,1,66.6,5|11,81.04897480466845|83.30223039742374,2200.0|200.0,-0.15452948206880215|0.27933070308758406,2.0,0.01055576454248998,80.6,79.67,78.12,False,False,0.041226817126589474,2,False
R0034,2023-01-14,T1,2100,auto,normal,C,2,H0111,D009,TR055,2,63.3,5|4|5,80.26338119807475|80.88345513283669|80.62116977591036,2200.0|2900.0|2200.0,0.26677001990663085|0.45096649289895147|-0.6619259410666513,1.0,0.15067629424257864,82.18,83.59,78.31,False,False,0.01820027003411004,7,False
R0034,2023-01-14,T4,2100,auto,normal,C,3,H0024,D005,TR009,3,65.4,7|5|6|10,82.1857606177294|81.11567316028867|79.44909978931868|81.44250577358883,800.0|2200.0|1500.0|200.0,0.002525494009577042|-0.07971821090639905|-0.5941499556967944|-0.006069570708753795,-1.0,0.109125855064641,79.62,80.41,78.19,False,False,0.047196764479370185,5,False
R0034,2023-01-14,T4,2100,auto,normal,C,4,H0054,D026,TR027,4,67.8,10|10,81.61111641773003|81.15189940219443,200.0|200.0,0.7375155684670865|0.11744128640943755,10.0,0.03588912274828282,80.21,77.74,77.47,False,False,0.005780866623351558,6,False
R0034,2023-01-14,T2,2100,auto,normal,C,5,H0013,D019,TR049,5,62.1,10|3|5,81.44053532746047|76.87486936638837|79.07928170044141,200.0|3600.0|2200.0,0.28911939868998415|0.15853969107671423|0.06603069756121605,8.0,0.046885033720429785,86.02,83.44,86.39,False,False,0.6918501706121657,1,False
R0034,2023-01-14,T1,2100,auto,normal,A,6,H0073,D012,TR042,6,67.7,4|6|5|7|5,78.98408300244948|80.55841616727179|79.45459836519588|81.07208042893019|77.46930486995159,2900.0|1500.0|2200.0|800.0|2200.0,0.28911939868998415|-0.023958380046829514|0.15853969107671423|0.02185214552344288|-0.36514805226380964,-2.0,0.012152878369015824,82.25,83.01,82.0,False,False,0.1518736966223854,4,False
R0034,2023-01-14,T3,2100,auto,normal,C,7,H0077,D007,TR055,7,65.9,8|8|9,79.27921120061524|80.13807660621656|83.25069315568035,200.0|200.0|200.0,0.7432541712034423|0.21868859672901295|0.45096649289895147,4.0,0.1223721348596035,81.94,79.7,82.25,False,False,0.01789468622753088,8,False
R0034,2023-01-14,T2,2100,auto,normal,A,8,H0082,D052,TR053,8,65.1,8|3,81.72466386470185|79.09477049152464,200.0|3600.0,0.33174860718129334|-0.3333041369047793,-2.0,0.016179487374538126,77.24,80.3,79.48,False,False,0.02597672827449676,3,False
R0035,2023-01-19,T4,3100,volt,normal,A,1,H0008,D004,TR009,1,62.8,3|11,80.49266217280723|80.65081394420984,3600.0|200.0,-0.12664505285162042|0.7432541712034423,14.0,0.02127060067958816,79.59,80.32,79.9,False,True,0.11846442977286072,2,False
R0035,2023-01-19,T4,3100,volt,normal,A,2,H0027,D026,TR042,2,65.9,9|12,81.0794066600031|82.70340436128363,200.0|200.0,0.7375155684670865|0.21868859672901295,2.0,0.0764200222381709,82.58,81.74,79.61,False,False,0.03417228166784415,11,False
R0035,2023-01-19,T4,3100,volt,normal,B,3,H0020,D051,TR075,3,66.2,8,80.88472544408454,200.0,0.01249411872768743,4.0,0.07740130674572936,77.34,78.12,79.19,False,False,0.039023368094958,6,False
R0035,2023-01-19,T1,3100,volt,normal,A,4,H0030,D041,TR047,4,67.5,3|4|1|3|1,79.21255533559864|80.70345961600395|77.1787597491871|76.8725025004752|76.6204128962997,3600.0|2900.0|5000.0|3600.0|5000.0,-0.23133626495165632|-0.15452948206880215|0.06603069756121605|0.11668580914072822|-0.3333041369047793,5.0,0.013402923382681552,90.15,89.56,88.52,False,False,0.40647993441728125,1,False
R0035,2023-01-19,T1,3100,volt,normal,B,5,H0029,D008,TR035,5,64.5,8|7|7,81.53247891970267|79.81378530241157|81.44577036703238,200.0|800.0|800.0,-0.023958380046829514|-0.003794351596264768|0.18025830726099468,7.0,0.009555058222167427,82.11,82.98,82.4,False,False,0.045674171768389164,8,False
R0035,2023-01-19,T4,3100,volt,normal,C,6,H0017,D035,TR074,6,64.2,10,82.7123732623656,200.0,-0.3521335504882296,14.0,0.06827913511979737,75.31,74.91,76.76,True,False,0.04147833001461805,5,False
R0035,2023-01-19,T4,3100,volt,normal,B,7,H0077,D052,TR055,7,67.3,8|8|9|8,79.27921120061524|80.13807660621656|83.25069315568035|80.24386254973179,200.0|200.0|200.0|200.0,0.7432541712034423|0.21868859672901295|0.45096649289895147|0.23267621135470395,5.0,0.008154850702702984,81.86,81.62,82.24,True,False,0.025481048403883124,12,False
R0035,2023-01-19,T3,3100,volt,normal,C,8,H0097,D039,TR057,8,64.7,3|8|3|3,78.12798723316016|81.75092783417328|78.87128475855495|76.40553287222922,3600.0|200.0|3600.0|3600.0,0.21868859672901295|0.29617316642859054|0.12784040316728537|-0.20102973073724123,3.0,0.10329883488866355,74.71,76.9,78.37,False,False,0.0035285966504472153,13,False
R0035,2023-01-19,T4,3100,volt,normal,B,9,H0059,D013,TR046,9,65.0,3|1|4|5|1|2,80.24146761629233|78.27699508082142|77.21348822839963|79.15699085773758|79.31772740655869|77.55834220181882,3600.0|5000.0|2900.0|2200.0|5000.0|4300.0,-0.3093465397202384|-0.23133626495165632|0.15853969107671423|-0.3333041369047793|0.36177152111792077|-0.18486236354526056,4.0,0.04692618180631998,85.52,85.62,83.22,False,False,0.19919901822415267,4,False
R0035,2023-01-19,T2,3100,volt,normal,B,10,H0081,D007,TR061,10,66.4,7|5|4|9|7,78.84854496021859|77.85683428833156|79.26000302590533|82.14581824606539|79.8028250050015,800.0|2200.0|2900.0|200.0|800.0,0.7432541712034423|0.4247487214942039|-0.30120473701904804|0.12784040316728537|-0.4283278221631072,5.0,0.015902542008990883,76.56,76.23,77.45,False,False,0.0038698445034195473,7,False
R0035,2023-01-19,T4,3100,volt,normal,A,11,H0100,D027,TR040,11,63.7,1|7|9,78.47587314392149|82.47018058180191|79.66609253930886,5000.0|800.0|200.0,0.06603069756121605|-0.5961450137253788|-0.20102973073724123,3.0,0.037966778286815696,79.37,79.01,80.24,False,True,0.010119361256817543,14,False
R0035,2023-01-19,T1,3100,volt,normal,C,12,H0104,D028,TR049,12,66.8,6|7|6|12|13,80.73922668655652|81.26194007501832|79.59387213192416|82.64514159666375|84.99099214582178,1500.0|800.0|1500.0|200.0|200.0,-0.05072666946359382|-0.3521335504882296|0.21868859672901295|-0.10875174097479069|-0.3162425923435822,8.0,0.14930710998084729,75.26,76.5,73.63,False,False,0.020277204614052073,9,False
R0035,2023-01-19,T3,3100,volt,normal,C,13,H0115,D021,TR049,13,66.2,2|9|9|6,78.88306830512607|82.14499230794742|83.29257037753644|81.81449994969496,4300.0|200.0|200.0|1500.0,-0.3521335504882296|0.35262247229216176|-0.07971821090639905|-0.3162425923435822,8.0,0.0511422090143968,78.2,77.96,76.91,False,False,0.006619668307312253,10,False
R0035,2023-01-19,T2,3100,volt,normal,C,14,H0079,D006,TR060,14,62.3,4|4|2,80.82163819024544|76.98588152855085|79.95963554198849,2900.0|2900.0|4300.0,-0.07971821090639905|0.4869724807855818|-0.35626397106142593,8.0,0.12806371583182183,78.31,77.4,80.66,False,False,0.04561274230396425,3,False
R0036,2023-01-17,T1,2600,volt,normal,C,1,H0063,D034,TR036,1,65.9,6|4,81.74144093963312|79.74149259924974,1500.0|2900.0,-0.15452948206880215|0.02185214552344288,7.0,0.013590528760554225,82.53,82.38,83.95,False,False,0.27136084605474386,4,False
R0036,2023-01-17,T4,2600,volt,normal,B,2,H0105,D037,TR051,2,65.7,6,79.52752492104146,1500.0,0.01249411872768743,2.0,0.04037519719259267,79.78,78.94,77.81,False,False,0.046433577727046184,3,False
R0036,2023-01-17,T3,2600,volt,normal,C,3,H0065,D017,TR057,3,66.3,9,79.91387563795772,200.0,0.15853969107671423,12.0,0.18614596664078062,84.51,85.7,84.04,False,False,0.1247235957759191,1,False
R0036,2023-01-17,T2,2600,volt,normal,B,4,H0114,D003,TR057,4,62.8,4|5|3|2,78.9021852224801|81.44820203022286|77.88999688432548|77.3995749742119,2900.0|2200.0|3600.0|4300.0,0.04151742709930327|0.45677523755741145|-0.18486236354526056|-0.21592588069731433,2.0,0.003197501050899545,82.18,80.03,80.95,False,False,0.07972384032517292,7,False
R0036,2023-01-17,T2,2600,volt,normal,B,5,H0061,D034,TR060,5,64.1,12|11|2,83.9154849748178|81.90631486042011|79.69141511382455,200.0|200.0|4300.0,-0.46235179266456716|0.11744128640943755|0.45677523755741145,5.0,0.03305737640270358,77.54,80.58,76.67,False,False,0.02097175958599391,9,False
R0036,2023-01-17,T2,2600,volt,normal,B,6,H0009,D039,TR019,6,62.2,10,84.02128511057029,200.0,0.002525494009577042,15.0,0.02111385406887385,75.33,76.38,75.41,False,False,0.005440003237896988,6,False
R0036,2023-01-17,T4,2600,volt,normal,B,7,H0101,D005,TR067,7,63.6,1,78.01640145561797,5000.0,-0.6619259410666513,4.0,0.0009998216577172155,85.91,84.17,85.89,False,False,0.4098292905885531,2,False
R0036,2023-01-17,T3,2600,volt,normal,A,8,H0006,D030,TR027,8,65.6,1|8|12|11|4,79.46875101270004|82.69883740416809|83.84562665056617|84.20743419349972|79.79215125547978,5000.0|200.0|200.0|200.0|2900.0,-0.3093465397202384|-0.14597170436548626|0.33174860718129334|0.2937196904057559|-0.6619259410666513,4.0,0.0024997739036347316,79.27,81.29,81.53,False,False,0.01702569494181928,8,False
R0036,2023-01-17,T4,2600,volt,normal,C,9,H0053,D005,TR029,9,64.2,9|9,82.18485957545538|82.29990065156406,200.0|200.0,0.14481312316794914|0.33174860718129334,5.0,0.006955543851436648,78.93,78.96,78.26,False,False,0.024491391762854597,5,False
R0037,2023-01-26,T3,2600,auto,hard,A,1,H0012,D038,TR043,1,62.3,6|6|3|4|5,82.09078710524065|80.67261210993604|79.22233574724211|78.28527685417248|80.31359324804845,1500.0|1500.0|3600.0|2900.0|2200.0,-0.14597170436548626|0.35262247229216176|0.0548240455599036|0.1627530651050056|0.02185214552344288,16.0,0.04468095433111679,79.71,80.14,78.76,False,False,0.009999059326903844,11,False
R0037,2023-01-26,T3,2600,auto,hard,B,2,H0039,D052,TR023,2,67.2,2|6|3|11|7,79.83664515780622|80.78241738147919|76.60978534452195|84.09659996714295|82.25675002999091,4300.0|1500.0|3600.0|200.0|800.0,-0.14597170436548626|-0.46235179266456716|-0.01883211615105837|0.36177152111792077|0.17326449994814916,16.0,0.028441923067927893,84.17,81.56,83.2,True,False,0.029415464635954607,4,False
R0037,2023-01-26,T2,2600,auto,hard,B,3,H0108,D033,TR047,3,67.9,5|2|9,78.68780832940111|78.97753622180528|80.72549715656513,2200.0|4300.0|200.0,0.28911939868998415|-0.23133626495165632|0.21868859672901295,9.0,0.04514916048764357,84.14,83.39,84.31,False,False,0.20024207551112327,1,False
R0037,2023-01-26,T1,2600,auto,hard,B,4,H0030,D038,TR076,4,64.0,3|4|1|3|1|1,79.21255533559864|80.70345961600395|77.1787597491871|76.8725025004752|76.6204128962997|79.42208416512958,3600.0|2900.0|5000.0|3600.0|5000.0|5000.0,-0.23133626495165632|-0.15452948206880215|0.06603069756121605|0.11668580914072822|-0.3333041369047793|-0.3093465397202384,7.0,0.12366769027593362,90.69,88.09,87.94,True,False,0.5604501948201368,2,False
R0037,2023-01-26,T4,2600,auto,hard,A,5,H0025,D004,TR030,5,62.7,14|8|13|13,84.5197243459587|82.94156203753893|81.83035245225827|83.25624611275252,200.0|200.0|200.0|200.0,-0.46235179266456716|-0.6091595155009588|-0.2140442325128213|-0.006069570708753795,11.0,0.08781642398469364,78.32,78.07,79.31,False,False,0.02766737803894586,7,False
R0037,2023-01-26,T1,2600,auto,hard,B,6,H0037,D052,TR061,6,67.8,3|13|6|13,80.14898452379899|82.63129051650826|82.03282942271854|85.88509411938398,3600.0|200.0|1500.0|200.0,-0.07971821090639905|0.1627530651050056|-0.36514805226380964|0.2937196904057559,16.0,0.08422342980512774,75.66,74.76,77.78,False,False,0.002837374572383107,9,False
R0037,2023-01-26,T1,2600,auto,hard,A,7,H0056,D016,TR061,7,64.3,5|5|3,81.37853545079473|78.1266081680956|80.30923091024465,2200.0|2200.0|3600.0,0.002525494009577042|0.7432541712034423|0.2937196904057559,16.0,0.0021766298367996155,78.4,78.96,78.71,True,False,0.029064115724311477,3,False
R0037,2023-01-26,T1,2600,auto,hard,A,8,H0051,D015,TR068,8,66.3,1|12,79.56646153641509|85.05808951168292,5000.0|200.0,-0.6091595155009588|0.17326449994814916,16.0,0.022775361343747302,82.31,82.95,80.72,False,False,0.07708110262770317,5,False
R0037,2023-01-26,T4,2600,auto,hard,B,9,H0019,D042,TR057,9,62.7,7|9|7|10,82.5465500163118|82.35755158925663|79.89256124119731|80.0006720144678,800.0|200.0|800.0|200.0,-0.3093465397202384|0.29617316642859054|0.1627530651050056|-0.36514805226380964,10.0,0.021026547473510574,78.72,79.82,79.88,False,False,0.035204063221574274,6,False
R0037,2023-01-26,T4,2600,auto,hard,A,10,H0060,D056,TR073,10,64.0,7|8|12|14|10|11,81.13513617245904|81.36746601235923|81.48040679118107|83.23556080678252|82.82373364697882|82.00449605923075,800.0|200.0|200.0|200.0|200.0|200.0,-0.05072666946359382|0.35262247229216176|0.7432541712034423|0.1627530651050056|0.12784040316728537|-0.006069570708753795,11.0,0.22788078780515,71.17,72.03,71.31,False,False,0.001460734078613189,12,False
R0037,2023-01-26,T1,2600,auto,hard,C,11,H0045,D029,TR057,11,64.0,2|11|2|6|6|8,77.53658294602575|82.06111603838049|78.59043321872494|81.69196561382836|80.51058814256237|80.39623093734376,4300.0|200.0|4300.0|1500.0|1500.0|200.0,0.15853969107671423|0.06603069756121605|-0.395153246450803|0.24829559362489212|-0.6619259410666513|0.22359554877468227,9.0,0.05551609751534662,80.34,81.23,78.77,False,False,0.02073243764087689,8,False
R0037,2023-01-26,T1,2600,auto,hard,C,12,H0061,D030,TR078,12,65.5,12|11|2|9,83.9154849748178|81.90631486042011|79.69141511382455|82.1944062095035,200.0|200.0|4300.0|200.0,-0.46235179266456716|0.11744128640943755|0.45677523755741145|0.09998495544057745,9.0,0.029102680229852063,78.23,77.5,75.63,False,False,0.005845999801473573,10,False
R0038,2023-01-12,T2,2600,volt,normal,C,1,H0103,D016,TR045,1,62.8,4|1|4,78.3496488304373|77.08790322885828|81.00356122290654,2900.0|5000.0|2900.0,0.45677523755741145|0.15853969107671423|0.07212950771386951,0.0,0.05451857853192965,82.19,83.37,85.19,False,False,0.09594065333407314,4,False
R0038,2023-01-12,T3,2600,volt,normal,B,2,H0036,D042,TR057,2,62.2,9|1|3|5|14,82.10880955791086|78.3068462783376|78.61817251645606|81.34644798375558|83.65547101254758,200.0|5000.0|3600.0|2200.0|200.0,-0.16811547676037508|0.14481312316794914|0.29617316642859054|-0.35626397106142593|0.22359554877468227,-5.0,0.03422255669647304,78.97,78.03,80.38,True,False,0.1699474582217073,2,False
R0038,2023-01-12,T4,2600,volt,normal,C,3,H0118,D048,TR011,3,63.7,6|6|1,78.34243439524002|78.1767198285324|76.93299219545294,1500.0|1500.0|5000.0,0.15853969107671423|-0.36514805226380964|0.21868859672901295,-5.0,0.075086856105157,88.15,87.89,87.5,True,False,0.4299420160513475,3,False
R0038,2023-01-12,T4,2600,volt,normal,A,4,H0102,D009,TR027,4,67.9,13|8|11,85.13777419613156|82.89304607057585|84.09490172430391,200.0|200.0|200.0,0.002525494009577042|-0.07971821090639905|-0.3162425923435822,1.0,0.057093200939388,80.83,77.71,80.82,False,False,0.03431514059284236,10,False
R0038,2023-01-12,T2,2600,volt,normal,C,5,H0062,D036,TR027,5,65.4,5|3,78.97563895518934|78.11444848403745,2200.0|3600.0,-0.003794351596264768|0.06603069756121605,6.0,0.02918601757300214,78.65,80.63,81.27,False,False,0.029656415204357876,9,False
R0038,2023-01-12,T3,2600,volt,normal,B,6,H0100,D025,TR061,6,65.1,1|7|9|14,78.47587314392149|82.47018058180191|79.66609253930886|86.12878679336998,5000.0|800.0|200.0|200.0,0.06603069756121605|-0.5961450137253788|-0.20102973073724123|-0.18486236354526056,-7.0,0.10030220541818612,77.2,78.7,80.33,True,False,0.055749583722326565,1,False
R0038,2023-01-12,T2,2600,volt,normal,C,7,H0031,D020,TR028,7,65.3,11|8|3|8,82.09301604190006|78.92646296974368|80.44556903253996|79.47356189399329,200.0|200.0|3600.0|200.0,0.4675093422520456|0.4247487214942039|0.45096649289895147|-0.20102973073724123,-4.0,0.044336260461055474,77.93,76.92,75.85,False,False,0.02808365496282009,11,False
R0038,2023-01-12,T2,2600,volt,normal,A,8,H0113,D042,TR058,8,63.4,8,81.89084298438607,200.0,0.06603069756121605,2.0,0.006824398860972997,74.01,71.9,75.07,False,False,0.01804571987093006,14,False
R0038,2023-01-12,T4,2600,volt,normal,A,9,H0032,D014,TR024,9,67.6,8|8|2,79.58447709311316|80.3783265008192|80.04000098336714,200.0|200.0|4300.0,0.4869724807855818|-0.10875174097479069|0.2937196904057559,2.0,0.05231479741442044,78.43,79.1,78.23,False,False,0.00503030380866212,13,False
R0038,2023-01-12,T3,2600,volt,normal,B,10,H0093,D045,TR048,10,67.9,7|9|12|7|10|9,79.89130089841348|83.43104164100453|82.53460142793044|82.43718701408108|84.10686855179787|81.26494739312545,800.0|200.0|200.0|800.0|200.0|200.0,0.4675093422520456|-0.35626397106142593|0.11744128640943755|-0.15452948206880215|-0.35626397106142593|-0.14227724049966906,-3.0,0.02484109181633821,77.96,80.06,79.6,False,False,0.016506194738599156,5,False
R0038,2023-01-12,T4,2600,volt,normal,B,11,H0024,D024,TR016,11,62.4,7|5|6|10|5,82.1857606177294|81.11567316028867|79.44909978931868|81.44250577358883|79.51438602904834,800.0|2200.0|1500.0|200.0|2200.0,0.002525494009577042|-0.07971821090639905|-0.5941499556967944|-0.006069570708753795|0.23267621135470395,-2.0,0.021937631841689367,77.44,77.65,82.05,False,False,0.030948699752012702,6,False
R0038,2023-01-12,T4,2600,volt,normal,C,12,H0054,D005,TR044,12,67.8,10|10|6,81.61111641773003|81.15189940219443|79.6244882093519,200.0|200.0|1500.0,0.7375155684670865|0.11744128640943755|0.23267621135470395,-2.0,0.007007208523611605,77.44,77.36,80.53,False,False,0.02319939916647966,8,False
R0038,2023-01-12,T2,2600,volt,normal,B,13,H0095,D047,TR006,13,63.7,2|11|13,77.65047674654254|83.10070066642011|83.11151516856496,4300.0|200.0|200.0,0.1627530651050056|0.06603069756121605|-0.10875174097479069,-2.0,0.07186356552359205,73.61,73.74,74.59,False,False,0.013950248122317429,7,False
R0038,2023-01-12,T1,2600,volt,normal,A,14,H0110,D051,TR058,14,67.4,6|6,79.29952485084675|82.03896749084683,1500.0|1500.0,-0.003794351596264768|0.3783143704710149,2.0,0.026318960313014797,82.84,82.16,79.69,False,False,0.04868451245152408,12,False
R0039,2023-01-14,T4,1609,auto,normal,C,1,H0071,D016,TR014,1,67.4,3|12,78.08697685429273|84.8885283798503,3600.0|200.0,0.4675093422520456|0.45677523755741145,2.0,0.03363039579198012,74.91,74.68,74.29,True,False,0.012639246558479646,7,False
R0039,2023-01-14,T4,1609,auto,normal,C,2,H0014,D043,TR011,2,65.5,1|7|10|9|8,76.40709423243167|81.38818256304648|81.12099083001043|81.89992468112376|83.01411900051372,5000.0|800.0|200.0|200.0|200.0,0.28911939868998415|0.15188314994674695|0.06603069756121605|0.02185214552344288|0.36177152111792077,4.0,0.07587569394539112,81.66,82.56,83.63,False,False,0.19623746508198892,4,False
R0039,2023-01-14,T3,1609,auto,normal,C,3,H0004,D046,TR007,3,62.6,13|3|5,83.93319752345946|76.72263720859353|78.89967428872562,200.0|3600.0|2200.0,-0.3521335504882296|0.01249411872768743|0.01249411872768743,-1.0,0.0979665556271629,69.12,71.78,70.23,False,False,0.005860825060521359,8,False
R0039,2023-01-14,T2,1609,auto,normal,C,4,H0082,D042,TR076,4,67.0,8|3|3,81.72466386470185|79.09477049152464|78.24656073785377,200.0|3600.0|3600.0,0.33174860718129334|-0.3333041369047793|0.23267621135470395,0.0,0.025152317144669728,77.88,80.38,77.47,False,False,0.20136436641843736,2,False
R0039,2023-01-14,T4,1609,auto,normal,B,5,H0111,D053,TR013,5,66.9,5|4|5|7,80.26338119807475|80.88345513283669|80.62116977591036|80.11267976753255,2200.0|2900.0|2200.0|800.0,0.26677001990663085|0.45096649289895147|-0.6619259410666513|0.15853969107671423,0.0,0.09758556441660353,80.65,81.81,83.74,False,False,0.24721932998835242,3,False
R0039,2023-01-14,T4,1609,auto,normal,A,6,H0018,D021,TR066,6,67.7,1|1,78.045273170936|77.96806733960435,5000.0|5000.0,0.15188314994674695|0.08683481889421468,7.0,0.07389402258914643,84.14,83.06,85.24,True,False,0.11383048185618395,5,False
R0039,2023-01-14,T3,1609,auto,normal,B,7,H0068,D049,TR062,7,62.0,7|2|1|4,80.41205963410482|78.37086571542085|75.60612427731951|78.35922413179004,800.0|4300.0|5000.0|2900.0,0.45677523755741145|0.15188314994674695|-0.36514805226380964|-0.5941499556967944,0.0,0.004117595684559638,83.68,85.12,86.1,False,False,0.16451552723426097,6,False
R0039,2023-01-14,T4,1609,auto,normal,B,8,H0066,D025,TR035,8,64.9,5|9|4,80.32112516713244|81.14521967228927|78.473234028449,2200.0|200.0|2900.0,-0.05072666946359382|0.11744128640943755|0.01249411872768743,-1.0,0.057915464133246795,78.33,78.63,77.71,False,False,0.05833275780177537,1,False
R0040,2023-01-13,T2,2600,volt,normal,B,1,H0090,D034,TR077,1,62.3,,,,,,0.11497083230445601,83.79,84.61,83.63,False,False,0.07712431760032666,7,False
R0040,2023-01-13,T3,2600,volt,normal,A,2,H0002,D043,TR053,2,67.1,1|1|6|7,75.6595171001969|75.39191563164795|80.49651257782382|78.90616708729154,5000.0|5000.0|1500.0|800.0,0.11668580914072822|-0.01883211615105837|-0.395153246450803|-0.36514805226380964,-3.0,0.04308574173653494,82.41,83.07,82.9,True,False,0.08462255424170528,1,False
R0040,2023-01-13,T1,2600,volt,normal,C,3,H0021,D034,TR067,3,67.9,6|10|8|8,82.22973928618593|82.57125841054496|82.89505162675661|81.62395685832189,1500.0|200.0|200.0|200.0,-0.07971821090639905|-0.05072666946359382|0.2937196904057559|0.12784040316728537,0.0,0.03401511530844168,76.5,75.45,77.11,True,True,0.06048458633835358,8,False
R0040,2023-01-13,T4,2600,volt,normal,B,4,H0014,D011,TR059,4,63.6,1|7|10|9|8|4,76.40709423243167|81.38818256304648|81.12099083001043|81.89992468112376|83.01411900051372|77.33891873459702,5000.0|800.0|200.0|200.0|200.0|2900.0,0.28911939868998415|0.15188314994674695|0.06603069756121605|0.02185214552344288|0.36177152111792077|-0.3487250722484376,-1.0,7.224748007094437e-05,82.36,82.32,84.19,False,False,0.03674540780039759,2,False
R0040,2023-01-13,T1,2600,volt,normal,B,5,H0010,D022,TR049,5,67.4,8|2|1|3|5,80.65816122433802|79.95998700951547|75.90438125632963|80.0779734995102|79.03550424510341,200.0|4300.0|5000.0|3600.0|2200.0,0.28911939868998415|0.36177152111792077|-0.42725264633653426|-0.35626397106142593|-0.21592588069731433,-2.0,0.0953366777069825,82.65,82.37,83.18,False,False,0.10967628414403714,3,False
R0040,2023-01-13,T1,2600,volt,normal,C,6,H0115,D026,TR002,6,66.7,2|9|9|6|10,78.88306830512607|82.14499230794742|83.29257037753644|81.81449994969496|83.88760168422131,4300.0|200.0|200.0|1500.0|200.0,-0.3521335504882296|0.35262247229216176|-0.07971821090639905|-0.3162425923435822|-0.18486236354526056,-6.0,0.03450216853963401,75.91,78.21,77.39,False,False,0.01433246619586975,9,False
R0040,2023-01-13,T2,2600,volt,normal,A,7,H0116,D059,TR046,7,66.1,5|11|2,81.04897480466845|83.30223039742374|77.06887862428329,2200.0|200.0|4300.0,-0.15452948206880215|0.27933070308758406|0.15853969107671423,-1.0,0.16223128241513726,82.24,81.18,79.81,True,False,0.3557675289645803,6,False
R0040,2023-01-13,T3,2600,volt,normal,C,8,H0108,D031,TR010,8,62.3,5|2|9|1,78.68780832940111|78.97753622180528|80.72549715656513|78.31279206348034,2200.0|4300.0|200.0|5000.0,0.28911939868998415|-0.23133626495165632|0.21868859672901295|-0.049925910986252896,-13.0,0.007508099940016764,85.45,85.14,83.37,False,False,0.12858500091056516,4,False
R0040,2023-01-13,T3,2600,volt,normal,B,9,H0031,D038,TR048,9,64.2,11|8|3|8|11,82.09301604190006|78.92646296974368|80.44556903253996|79.47356189399329|82.89954741590456,200.0|200.0|3600.0|200.0|200.0,0.4675093422520456|0.4247487214942039|0.45096649289895147|-0.20102973073724123|-0.35626397106142593,1.0,0.02167775414626651,77.32,78.11,78.9,False,False,0.02374999189797103,5,False
R0040,2023-01-13,T4,2600,volt,normal,C,10,H0051,D044,TR056,10,66.9,1|12|5,79.56646153641509|85.05808951168292|80.3460630344817,5000.0|200.0|2200.0,-0.6091595155009588|0.17326449994814916|-0.049925910986252896,-13.0,0.003806887602970605,83.31,83.79,82.82,False,False,0.10553581330357233,10,False
R0040,2023-01-13,T4,2600,volt,normal,B,11,H0017,D021,TR043,11,67.9,10|5,82.7123732623656|81.59952670457092,200.0|2200.0,-0.3521335504882296|-0.18486236354526056,-6.0,0.07259624868384568,74.63,76.84,75.98,False,False,0.003376048602621055,11,False
R0041,2023-01-16,T1,2600,volt,normal,C,1,H0066,D050,TR031,1,66.9,5|9|4|1,80.32112516713244|81.14521967228927|78.473234028449|75.53512587012403,2200.0|200.0|2900.0|5000.0,-0.05072666946359382|0.11744128640943755|0.01249411872768743|0.2377356023322779,2.0,0.036306064797565527,78.65,78.93,77.69,False,False,0.02322065216705589,7,False
R0041,2023-01-16,T2,2600,volt,normal,A,2,H0101,D039,TR019,2,67.1,1|2,78.01640145561797|78.70968761829968,5000.0|4300.0,-0.6619259410666513|-0.06665402507688026,-1.0,0.014897042382748724,83.9,86.62,84.36,False,False,0.2533079104489633,2,False
R0041,2023-01-16,T4,2600,volt,normal,C,3,H0113,D022,TR023,3,65.8,8|14,81.89084298438607|84.56912642194668,200.0|200.0,0.06603069756121605|-0.35626397106142593,4.0,0.041416621430321716,73.71,74.29,71.54,False,False,0.005740289860402907,9,False
R0041,2023-01-16,T2,2600,volt,normal,A,4,H0109,D024,TR046,4,64.6,10,80.10748686054212,200.0,0.7432541712034423,11.0,0.01040806771222374,71.48,71.72,73.02,False,False,0.020664648798943322,1,False
R0041,2023-01-16,T3,2600,volt,normal,C,5,H0031,D022,TR024,5,66.2,11|8|3|8|11|5,82.09301604190006|78.92646296974368|80.44556903253996|79.47356189399329|82.89954741590456|79.92192540061968,200.0|200.0|3600.0|200.0|200.0|2200.0,0.4675093422520456|0.4247487214942039|0.45096649289895147|-0.20102973073724123|-0.35626397106142593|0.549398784045293,3.0,0.12907212806852061,77.96,77.52,79.49,False,False,0.007438643363178948,12,False
R0041,2023-01-16,T4,2600,volt,normal,A,6,H0044,D002,TR025,6,67.3,6|5,78.50276159258793|78.78539996918033,1500.0|2200.0,0.4869724807855818|0.22359554877468227,-1.0,0.03030476793891593,79.04,79.71,82.46,False,False,0.10530742562682516,6,False
R0041,2023-01-16,T1,2600,volt,normal,C,7,H0038,D001,TR053,7,67.7,3|9|6,78.00346692583027|79.97288475407996|78.26860279917148,3600.0|200.0|1500.0,0.11744128640943755|0.4247487214942039|0.01249411872768743,-5.0,0.029416311591760343,75.88,76.66,74.17,False,False,0.026726056089309072,10,False
R0041,2023-01-16,T2,2600,volt,normal,B,8,H0030,D004,TR066,8,64.7,4|1|3|1|1|2,80.70345961600395|77.1787597491871|76.8725025004752|76.6204128962997|79.42208416512958|78.82467867591839,2900.0|5000.0|3600.0|5000.0|5000.0|4300.0,-0.15452948206880215|0.06603069756121605|0.11668580914072822|-0.3333041369047793|-0.3093465397202384|-0.049925910986252896,-10.0,0.022495302390281666,92.5,90.43,87.95,False,False,0.34661494443235336,3,False
R0041,2023-01-16,T4,2600,volt,normal,B,9,H0005,D025,TR017,9,67.8,9|10|1,82.38818683896925|82.69644294790152|76.87059047211825,200.0|200.0|5000.0,-0.3521335504882296|0.33174860718129334|-0.006069570708753795,1.0,0.011718463605237837,74.86,73.97,71.97,False,False,0.011612366540136395,13,False
R0041,2023-01-16,T1,2600,volt,normal,C,10,H0065,D030,TR008,10,63.6,9|1,79.91387563795772|77.9816930622117,200.0|5000.0,0.15853969107671423|-0.06665402507688026,-1.0,0.09551247653141925,84.0,83.85,81.99,False,False,0.10573240654821055,5,False
R0041,2023-01-16,T4,2600,volt,normal,C,11,H0052,D024,TR019,11,65.5,11|2,81.1054298677811|77.8817580716914,200.0|4300.0,-0.20102973073724123|-0.4283278221631072,2.0,0.12085095372328464,74.86,73.69,76.02,False,True,0.008005385400452137,11,False
R0041,2023-01-16,T4,2600,volt,normal,C,12,H0024,D057,TR046,12,65.0,7|5|6|10|5|6,82.1857606177294|81.11567316028867|79.44909978931868|81.44250577358883|79.51438602904834|80.72085248713405,800.0|2200.0|1500.0|200.0|2200.0|1500.0,0.002525494009577042|-0.07971821090639905|-0.5941499556967944|-0.006069570708753795|0.23267621135470395|-0.35626397106142593,4.0,0.315733903095266,77.46,77.17,77.86,True,False,0.07288214127685012,4,False
R0041,2023-01-16,T1,2600,volt,normal,C,13,H0060,D013,TR076,13,65.3,8|12|14|10|11|12,81.36746601235923|81.48040679118107|83.23556080678252|82.82373364697882|82.00449605923075|83.7603877802026,200.0|200.0|200.0|200.0|200.0|200.0,0.35262247229216176|0.7432541712034423|0.1627530651050056|0.12784040316728537|-0.006069570708753795|0.06603069756121605,-10.0,0.0037232569643697567,70.8,72.72,72.56,False,False,0.01274712944731888,8,False
R0042,2023-01-14,T1,1609,volt,normal,A,1,H0084,D047,TR068,1,66.2,9|11|8,83.49901649554965|84.37521672341742|80.45851435266064,200.0|200.0|200.0,-0.36514805226380964|0.45677523755741145|-0.4283278221631072,0.0,0.034073405435393826,71.55,74.35,76.5,False,False,0.062089193859237106,7,False
R0042,2023-01-14,T1,1609,volt,normal,B,2,H0025,D039,TR024,2,63.0,14|8|13|13|7,84.5197243459587|82.94156203753893|81.83035245225827|83.25624611275252|81.09998812257365,200.0|200.0|200.0|200.0|800.0,-0.46235179266456716|-0.6091595155009588|-0.2140442325128213|-0.006069570708753795|0.06603069756121605,-12.0,0.05091209331264474,77.96,79.05,78.93,False,False,0.012926009932615033,8,False
R0042,2023-01-14,T2,1609,volt,normal,C,3,H0031,D027,TR028,3,62.4,8|3|8|11|5|12,78.92646296974368|80.44556903253996|79.47356189399329|82.89954741590456|79.92192540061968|83.4118196894051,200.0|3600.0|200.0|200.0|2200.0|200.0,0.4247487214942039|0.45096649289895147|-0.20102973073724123|-0.35626397106142593|0.549398784045293|-0.6264045189271734,-2.0,0.01595624145404111,78.52,76.44,78.74,False,False,0.026511454732763513,6,False
R0042,2023-01-14,T4,1609,volt,normal,C,4,H0041,D035,TR028,4,63.0,,,,,,0.13049120150393168,81.64,82.37,82.69,False,True,0.5390655542966681,1,False
R0042,2023-01-14,T1,1609,volt,normal,C,5,H0091,D010,TR056,5,67.4,3|4|1|7,79.28048032516055|79.77053817213813|79.2117588325929|80.07242499518854,3600.0|2900.0|5000.0|800.0,0.35262247229216176|0.29617316642859054|-0.35626397106142593|0.22359554877468227,-3.0,0.009928925887053236,79.17,79.13,78.92,False,False,0.049666992507935416,4,False
R0042,2023-01-14,T4,1609,volt,normal,A,6,H0074,D004,TR049,6,67.7,,,,,,0.010044107319865561,79.84,81.32,82.02,False,False,0.14475176105649562,2,False
R0042,2023-01-14,T1,1609,volt,normal,A,7,H0042,D045,TR063,7,67.7,13|1,84.4842289394071|77.91586605856246,200.0|5000.0,0.33174860718129334|-0.30120473701904804,-2.0,0.007042903847929888,77.14,75.88,75.87,False,False,0.008643881228747163,5,False
R0042,2023-01-14,T1,1609,volt,normal,B,8,H0034,D057,TR075,8,67.8,6|2|9,80.50756093481073|76.51171240683267|82.9833772150321,1500.0|4300.0|200.0,0.02185214552344288|-0.36514805226380964|-0.35626397106142593,3.0,0.008067666449888277,84.08,82.96,84.85,False,False,0.15634515238553803,3,False
R0043,2023-01-17,T4,3100,volt,hard,B,1,H0105,D019,TR032,1,67.6,6|3,79.52752492104146|79.07707652328794,1500.0|3600.0,0.01249411872768743|0.09998495544057745,0.0,0.024765687581199305,79.77,78.82,82.24,True,False,0.06626009198361194,6,False
R0043,2023-01-17,T4,3100,volt,hard,B,2,H0107,D046,TR047,2,65.2,12|7|5,82.56892904524722|82.42522743174763|78.89108585362102,200.0|800.0|2200.0,0.4675093422520456|0.45096649289895147|-0.5941499556967944,3.0,0.01511688599148678,77.18,75.43,79.54,True,False,0.03787560462616068,7,False
R0043,2023-01-17,T1,3100,volt,hard,C,3,H0114,D025,TR067,3,65.6,4|5|3|2|7,78.9021852224801|81.44820203022286|77.88999688432548|77.3995749742119|81.07184488900857,2900.0|2200.0|3600.0|4300.0|800.0,0.04151742709930327|0.45677523755741145|-0.18486236354526056|-0.21592588069731433|-0.03879857735017232,0.0,0.023855855041830198,82.63,80.3,81.96,False,False,0.04433707497240986,2,False
R0043,2023-01-17,T4,3100,volt,hard,A,4,H0030,D002,TR070,4,66.4,1|3|1|1|2|3,77.1787597491871|76.8725025004752|76.6204128962997|79.42208416512958|78.82467867591839|79.14538178353614,5000.0|3600.0|5000.0|5000.0|4300.0|3600.0,0.06603069756121605|0.11668580914072822|-0.3333041369047793|-0.3093465397202384|-0.049925910986252896|-0.6264045189271734,1.0,0.06725137637760073,90.17,87.67,89.91,False,False,0.29225310902452334,3,False
R0043,2023-01-17,T2,3100,volt,hard,C,5,H0050,D029,TR036,5,65.9,6|10|6|4,79.48277986963579|84.0586238859193|79.72211254805855|78.86240677821576,1500.0|200.0|1500.0|2900.0,0.4675093422520456|0.45096649289895147|-0.21592588069731433|0.21868859672901295,0.0,0.05015268907681766,81.97,82.2,81.46,False,False,0.04106340785730523,9,False
R0043,2023-01-17,T2,3100,volt,hard,A,6,H0118,D056,TR033,6,63.6,6|6|1|3,78.34243439524002|78.1767198285324|76.93299219545294|78.86944955018451,1500.0|1500.0|5000.0|3600.0,0.15853969107671423|-0.36514805226380964|0.21868859672901295|-0.3781625540393897,5.0,0.036887826922380997,87.99,87.59,85.81,False,False,0.40214596249352763,1,False
R0043,2023-01-17,T2,3100,volt,hard,A,7,H0028,D005,TR074,7,65.4,6,80.7326491108938,1500.0,0.08683481889421468,10.0,0.04865212682143908,80.97,83.57,80.25,False,False,0.029206861653049032,8,False
R0043,2023-01-17,T3,3100,volt,hard,A,8,H0046,D012,TR062,8,63.3,5|1|2|2|5,81.53742244943591|75.83314948365789|77.12750304947504|78.70777834863365|77.51366105204194,2200.0|5000.0|4300.0|4300.0|2200.0,-0.3093465397202384|0.15853969107671423|-0.003794351596264768|-0.6619259410666513|-0.42725264633653426,-4.0,0.04830060591524366,85.94,83.76,86.08,False,False,0.032231612305910755,4,False
R0043,2023-01-17,T1,3100,volt,hard,A,9,H0091,D050,TR016,9,62.5,3|4|1|7|4,79.28048032516055|79.77053817213813|79.2117588325929|80.07242499518854|77.6323060993761,3600.0|2900.0|5000.0|800.0|2900.0,0.35262247229216176|0.29617316642859054|-0.35626397106142593|0.22359554877468227|-0.3521335504882296,3.0,0.06286199595447502,79.65,79.47,79.5,False,True,0.012505596913555418,11,False
R0043,2023-01-17,T3,3100,volt,hard,B,10,H0084,D034,TR054,10,67.6,9|11|8|7,83.49901649554965|84.37521672341742|80.45851435266064|78.772418122282,200.0|200.0|200.0|800.0,-0.36514805226380964|0.45677523755741145|-0.4283278221631072|-0.09848548450942361,3.0,0.2725519107184277,76.06,73.03,75.86,False,False,0.0033819479878668787,12,False
R0043,2023-01-17,T2,3100,volt,hard,C,11,H0011,D010,TR057,11,63.3,1|3|4,76.87555851094106|80.54579230491156|79.53485142210407,5000.0|3600.0|2900.0,0.45677523755741145|-0.35626397106142593|0.18025830726099468,5.0,0.11093150573982972,83.99,82.55,82.83,False,False,0.024599099555767914,10,False
R0043,2023-01-17,T3,3100,volt,hard,C,12,H0056,D001,TR018,12,65.8,5|5|3|3,81.37853545079473|78.1266081680956|80.30923091024465|79.03867921767757,2200.0|2200.0|3600.0|3600.0,0.002525494009577042|0.7432541712034423|0.2937196904057559|0.06603069756121605,-9.0,0.006019694709172524,79.77,80.63,77.74,False,False,0.014139630626311319,5,False
R0044,2023-01-22,T2,3100,auto,normal,C,1,H0090,D032,TR078,1,66.4,7,81.46463550262895,800.0,0.3500927768033748,9.0,0.034813732434510594,82.59,81.81,84.5,False,False,0.08564876805904387,9,False
R0044,2023-01-22,T1,3100,auto,normal,B,2,H0012,D012,TR074,2,62.6,6|6|3|4|5|11,82.09078710524065|80.67261210993604|79.22233574724211|78.28527685417248|80.31359324804845|83.4005829204575,1500.0|1500.0|3600.0|2900.0|2200.0|200.0,-0.14597170436548626|0.35262247229216176|0.0548240455599036|0.1627530651050056|0.02185214552344288|-0.049925910986252896,-4.0,0.08065604198427395,84.36,81.13,80.41,False,False,0.03952754648680481,5,False
R0044,2023-01-22,T4,3100,auto,normal,C,3,H0115,D036,TR025,3,63.7,2|9|9|6|10|9,78.88306830512607|82.14499230794742|83.29257037753644|81.81449994969496|83.88760168422131|81.98362401864817,4300.0|200.0|200.0|1500.0|200.0|200.0,-0.3521335504882296|0.35262247229216176|-0.07971821090639905|-0.3162425923435822|-0.18486236354526056|0.549398784045293,9.0,0.03204132219208891,76.14,79.22,77.81,False,False,0.03292504120805211,1,False
R0044,2023-01-22,T2,3100,auto,normal,C,4,H0039,D055,TR041,4,64.2,2|6|3|11|7|4,79.83664515780622|80.78241738147919|76.60978534452195|84.09659996714295|82.25675002999091|79.66584013132442,4300.0|1500.0|3600.0|200.0|800.0|2900.0,-0.14597170436548626|-0.46235179266456716|-0.01883211615105837|0.36177152111792077|0.17326449994814916|-0.049925910986252896,-4.0,0.012958908374628106,82.42,83.8,81.9,False,False,0.2815920221176499,7,False
R0044,2023-01-22,T3,3100,auto,normal,A,5,H0038,D018,TR045,5,64.6,3|9|6|10,78.00346692583027|79.97288475407996|78.26860279917148|82.75024579936387,3600.0|200.0|1500.0|200.0,0.11744128640943755|0.4247487214942039|0.01249411872768743|-0.4173714192738614,6.0,0.06066643851764278,77.24,74.46,78.58,False,False,0.11721202667046646,4,False
R0044,2023-01-22,T4,3100,auto,normal,B,6,H0109,D036,TR053,6,63.2,10|1,80.10748686054212|78.07307131226278,200.0|5000.0,0.7432541712034423|-0.4173714192738614,6.0,0.0418262445247164,72.01,70.97,74.1,False,False,0.020616274584223347,10,False
R0044,2023-01-22,T2,3100,auto,normal,A,7,H0087,D054,TR060,7,65.4,2|4|4|7,77.24459671100595|79.38175114997178|77.73991703064772|80.39894928368182,4300.0|2900.0|2900.0|800.0,0.7375155684670865|-0.23133626495165632|-0.42725264633653426|-0.18486236354526056,7.0,0.08757130020730522,80.02,79.76,80.72,True,False,0.04552235367524396,6,False
R0044,2023-01-22,T2,3100,auto,normal,C,8,H0035,D053,TR029,8,66.8,2|4|2|5,77.38808554279011|80.47813186197932|79.84429286966693|77.51673283243827,4300.0|2900.0|4300.0|2200.0,0.28911939868998415|-0.35626397106142593|-0.15452948206880215|0.11668580914072822,16.0,0.13135882220379275,83.9,85.12,84.22,False,False,0.15694149178672517,2,False
R0044,2023-01-22,T2,3100,auto,normal,B,9,H0110,D000,TR071,9,65.3,6|6|12,79.29952485084675|82.03896749084683|83.7881171184229,1500.0|1500.0|200.0,-0.003794351596264768|0.3783143704710149|-0.3781625540393897,10.0,0.2009979081855,80.81,81.46,80.71,False,False,0.11086681170026952,3,False
R0044,2023-01-22,T2,3100,auto,normal,B,10,H0107,D006,TR004,10,65.5,12|7|5|7,82.56892904524722|82.42522743174763|78.89108585362102|82.26497121549,200.0|800.0|2200.0|800.0,0.4675093422520456|0.45096649289895147|-0.5941499556967944|0.28911939868998415,5.0,0.00782588192592305,80.14,78.75,76.22,False,False,0.10914766371152085,8,False
R0045,2023-01-22,T4,2100,volt,normal,A,1,H0009,D003,TR040,1,62.2,10|6,84.02128511057029|80.5332189661457,200.0|1500.0,0.002525494009577042|0.09998495544057745,5.0,0.03746379402008841,75.44,75.65,76.94,False,False,0.060261841125567636,2,False
R0045,2023-01-22,T1,2100,volt,normal,C,2,H0065,D043,TR049,2,63.9,9|1|5,79.91387563795772|77.9816930622117|80.28468964544606,200.0|5000.0|2200.0,0.15853969107671423|-0.06665402507688026|-0.6264045189271734,6.0,0.05976577369887783,84.19,82.21,85.14,False,False,0.08631708274617288,6,False
R0045,2023-01-22,T2,2100,volt,normal,B,3,H0118,D045,TR013,3,62.5,6|6|1|3|1,78.34243439524002|78.1767198285324|76.93299219545294|78.86944955018451|79.15013883570154,1500.0|1500.0|5000.0|3600.0|5000.0,0.15853969107671423|-0.36514805226380964|0.21868859672901295|-0.3781625540393897|0.07212950771386951,5.0,0.11901640289887545,87.27,87.44,86.82,False,False,0.36656628867723356,1,False
R0045,2023-01-22,T1,2100,volt,normal,B,4,H0050,D052,TR054,4,64.3,6|10|6|4|9,79.48277986963579|84.0586238859193|79.72211254805855|78.86240677821576|83.6851431276306,1500.0|200.0|1500.0|2900.0|200.0,0.4675093422520456|0.45096649289895147|-0.21592588069731433|0.21868859672901295|0.07212950771386951,5.0,0.0332030618804242,81.1,82.1,81.88,False,False,0.05290532189015129,7,False
R0045,2023-01-22,T3,2100,volt,normal,B,5,H0035,D058,TR047,5,64.7,2|4|2|5|2,77.38808554279011|80.47813186197932|79.84429286966693|77.51673283243827|80.02265719177434,4300.0|2900.0|4300.0|2200.0|4300.0,0.28911939868998415|-0.35626397106142593|-0.15452948206880215|0.11668580914072822|0.01249411872768743,0.0,0.03230391338059985,86.05,85.56,84.19,False,False,0.38058689061003464,3,False
R0045,2023-01-22,T4,2100,volt,normal,C,6,H0067,D053,TR041,6,66.8,11|3,84.57886916787135|79.18779303309122,200.0|3600.0,-0.07971821090639905|-0.3521335504882296,17.0,0.013231772267813456,77.5,79.8,77.52,False,False,0.028382754891755117,5,False
R0045,2023-01-22,T1,2100,volt,normal,A,7,H0109,D047,TR066,7,62.0,10|1|10,80.10748686054212|78.07307131226278|84.15672972087363,200.0|5000.0|200.0,0.7432541712034423|-0.4173714192738614|0.06603069756121605,0.0,0.03481882662692576,70.76,72.91,73.56,False,False,0.003974962110429601,8,False
R0045,2023-01-22,T3,2100,volt,normal,B,8,H0069,D025,TR054,8,63.7,8,82.75211073087509,200.0,-0.07971821090639905,15.0,0.031792687276850265,79.97,78.17,78.32,False,False,0.02100485794865531,4,False
R0046,2023-01-28,T2,2600,volt,normal,C,1,H0039,D014,TR067,1,66.0,6|3|11|7|4|7,80.78241738147919|76.60978534452195|84.09659996714295|82.25675002999091|79.66584013132442|82.16389676902,1500.0|3600.0|200.0|800.0|2900.0|800.0,-0.46235179266456716|-0.01883211615105837|0.36177152111792077|0.17326449994814916|-0.049925910986252896|0.01249411872768743,6.0,0.02983029749897286,82.58,83.53,80.89,False,False,0.09937089759884543,11,False
R0046,2023-01-28,T4,2600,volt,normal,A,2,H0054,D056,TR027,2,66.5,10|10|6|8,81.61111641773003|81.15189940219443|79.6244882093519|81.55816041359148,200.0|200.0|1500.0|200.0,0.7375155684670865|0.11744128640943755|0.23267621135470395|-0.35626397106142593,16.0,0.047043613516977854,77.76,75.89,79.63,False,False,0.022727602989873752,8,False
R0046,2023-01-28,T2,2600,volt,normal,C,3,H0004,D044,TR042,3,63.1,13|3|5|8,83.93319752345946|76.72263720859353|78.89967428872562|79.27092936235537,200.0|3600.0|2200.0|200.0,-0.3521335504882296|0.01249411872768743|0.01249411872768743|0.2377356023322779,14.0,0.014156366849441833,70.07,72.45,72.83,False,False,0.0032169200819935017,14,False
R0046,2023-01-28,T2,2600,volt,normal,B,4,H0015,D006,TR040,4,67.2,9|4|11|2,81.01989549460315|80.86956147270968|81.73249126134142|80.11490161714948,200.0|2900.0|200.0|4300.0,0.4675093422520456|0.002525494009577042|-0.10875174097479069|-0.36514805226380964,16.0,0.03949552912299061,77.43,77.58,76.68,False,False,0.028880028165741135,10,False
R0046,2023-01-28,T1,2600,volt,normal,A,5,H0040,D008,TR068,5,63.7,6|2|4|1|2|5,79.28475095993625|76.44668470771542|79.69341221845413|79.49869303659541|78.35817520652849|81.16062801503753,1500.0|4300.0|2900.0|5000.0|4300.0|2200.0,0.45677523755741145|0.15853969107671423|-0.023958380046829514|-0.15452948206880215|0.02185214552344288|0.36177152111792077,18.0,0.11272218914074038,83.63,82.16,84.98,False,False,0.20278401831822085,2,False
R0046,2023-01-28,T2,2600,volt,normal,A,6,H0117,D015,TR059,6,67.7,1|3|4|8|7|4,77.90504891003894|79.2075504667967|78.62900333786301|82.8704299623413|81.25516920066632|80.55639891489908,5000.0|3600.0|2900.0|200.0|800.0|2900.0,-0.46235179266456716|0.06603069756121605|-0.3333041369047793|0.45677523755741145|-0.395153246450803|0.2937196904057559,18.0,0.16928562024654245,81.17,79.49,78.54,False,False,0.028076330965038792,12,False
R0046,2023-01-28,T2,2600,volt,normal,A,7,H0026,D004,TR072,7,68.0,6|1,79.48551753223389|78.90534158840222,1500.0|5000.0,-0.3333041369047793|0.07212950771386951,16.0,0.02007880028709026,82.81,80.78,81.75,True,False,0.14666756066102088,5,False
R0046,2023-01-28,T3,2600,volt,normal,C,8,H0106,D010,TR044,8,63.1,5|7|10,79.83695176788831|78.98509213737134|83.9462121696387,2200.0|800.0|200.0,-0.3521335504882296|0.4869724807855818|0.45677523755741145,16.0,0.039348964941549665,75.55,77.53,76.51,False,False,0.007702529789977591,7,False
R0046,2023-01-28,T2,2600,volt,normal,C,9,H0029,D034,TR073,9,63.5,8|7|7|8,81.53247891970267|79.81378530241157|81.44577036703238|83.06108179752347,200.0|800.0|800.0|200.0,-0.023958380046829514|-0.003794351596264768|0.18025830726099468|-0.3093465397202384,9.0,0.04262277378496085,83.29,82.04,83.64,True,True,0.017711356944458398,13,False
R0046,2023-01-28,T1,2600,volt,normal,C,10,H0046,D000,TR059,10,64.9,5|1|2|2|5|4,81.53742244943591|75.83314948365789|77.12750304947504|78.70777834863365|77.51366105204194|80.75770893175726,2200.0|5000.0|4300.0|4300.0|2200.0|2900.0,-0.3093465397202384|0.15853969107671423|-0.003794351596264768|-0.6619259410666513|-0.42725264633653426|0.07212950771386951,11.0,0.05015845178651908,83.94,83.63,84.96,False,False,0.022884125053557695,3,False
R0046,2023-01-28,T1,2600,volt,normal,B,11,H0080,D017,TR059,11,62.8,3|7,77.95491371015439|82.43014184283162,3600.0|800.0,0.7375155684670865|0.07212950771386951,16.0,0.07181896555046322,82.33,81.71,79.62,True,True,0.15006742711865306,4,False
R0046,2023-01-28,T2,2600,volt,normal,A,12,H0006,D018,TR052,12,62.3,1|8|12|11|4|8,79.46875101270004|82.69883740416809|83.84562665056617|84.20743419349972|79.79215125547978|81.49738485489382,5000.0|200.0|200.0|200.0|2900.0|200.0,-0.3093465397202384|-0.14597170436548626|0.33174860718129334|0.2937196904057559|-0.6619259410666513|-0.06665402507688026,11.0,0.024357445393289944,78.65,80.58,80.66,False,False,0.2575777461418763,1,False
R0046,2023-01-28,T3,2600,volt,normal,B,13,H0096,D058,TR026,13,62.8,,,,,,0.02753628749373425,75.86,73.81,75.54,False,False,0.0038721357196015694,6,False
R0046,2023-01-28,T1,2600,volt,normal,C,14,H0083,D058,TR048,14,65.8,12|4|1|14,84.79173850526061|77.33205860867824|76.52908987714162|86.03637807280748,200.0|2900.0|5000.0|200.0,-0.07971821090639905|-0.20102973073724123|-0.5941499556967944|-0.3162425923435822,17.0,0.04357747671046522,79.3,78.65,79.76,False,False,0.008461320451141018,9,False
R0047,2023-01-27,T3,1609,volt,normal,C,1,H0090,D006,TR049,1,66.9,7|9,81.46463550262895|83.44666924925711,800.0|200.0,0.3500927768033748|0.01249411872768743,5.0,0.01324765584267293,82.38,85.62,81.91,False,False,0.20916914721392282,7,False
R0047,2023-01-27,T4,1609,volt,normal,A,2,H0016,D050,TR006,2,64.4,7|6|4|9,81.42770469089996|79.36449769086164|77.25933984703815|83.2420205102766,800.0|1500.0|2900.0|200.0,0.08683481889421468|0.06603069756121605|0.037165821260646686|0.17326449994814916,17.0,0.03622394603184904,82.88,83.23,81.19,False,False,0.050682280370768204,3,False
R0047,2023-01-27,T2,1609,volt,normal,B,3,H0023,D023,TR076,3,62.5,10|9,83.94271223632201|80.55143447567791,200.0|200.0,-0.07971821090639905|0.1627530651050056,21.0,0.006192434976821105,80.72,78.41,80.95,False,False,0.08214080445145729,10,False
R0047,2023-01-27,T3,1609,volt,normal,B,4,H0079,D044,TR008,4,65.6,4|4|2|3,80.82163819024544|76.98588152855085|79.95963554198849|80.72526776441177,2900.0|2900.0|4300.0|3600.0,-0.07971821090639905|0.4869724807855818|-0.35626397106142593|-0.18486236354526056,8.0,0.04494573665731558,77.87,76.41,79.51,False,False,0.017810247108476302,9,False
R0047,2023-01-27,T1,1609,volt,normal,C,5,H0096,D025,TR021,5,65.3,6,80.78017095249083,1500.0,0.12784040316728537,-1.0,0.023202011190746434,72.15,72.61,74.92,False,False,0.01073656962381787,8,False
R0047,2023-01-27,T3,1609,volt,normal,A,6,H0104,D006,TR077,6,64.8,6|7|6|12|13|9,80.73922668655652|81.26194007501832|79.59387213192416|82.64514159666375|84.99099214582178|83.36277315293596,1500.0|800.0|1500.0|200.0|200.0|200.0,-0.05072666946359382|-0.3521335504882296|0.21868859672901295|-0.10875174097479069|-0.3162425923435822|-0.18486236354526056,8.0,0.02690427831282446,75.94,72.67,75.9,True,False,0.01680608573379406,6,False
R0047,2023-01-27,T1,1609,volt,normal,C,7,H0038,D047,TR044,7,66.1,3|9|6|10|4,78.00346692583027|79.97288475407996|78.26860279917148|82.75024579936387|81.00776485216818,3600.0|200.0|1500.0|200.0|2900.0,0.11744128640943755|0.4247487214942039|0.01249411872768743|-0.4173714192738614|0.06603069756121605,5.0,0.03625426391629679,75.68,72.87,76.21,False,False,0.030963912986416292,5,False
R0047,2023-01-27,T4,1609,volt,normal,B,8,H0050,D055,TR054,8,66.7,6|10|6|4|9|7,79.48277986963579|84.0586238859193|79.72211254805855|78.86240677821576|83.6851431276306|80.18120208551412,1500.0|200.0|1500.0|2900.0|200.0|800.0,0.4675093422520456|0.45096649289895147|-0.21592588069731433|0.21868859672901295|0.07212950771386951|-0.1913043248816149,5.0,0.0847051468025303,80.14,80.63,80.6,False,False,0.033704678673010434,11,False
R0047,2023-01-27,T1,1609,volt,normal,A,9,H0089,D059,TR039,9,67.4,,,,,,0.02214085717993286,81.9,83.45,79.74,False,False,0.08395806854724508,2,False
R0047,2023-01-27,T1,1609,volt,normal,A,10,H0028,D006,TR060,10,65.7,6|8,80.7326491108938|82.58571702629001,1500.0|200.0,0.08683481889421468|0.07212950771386951,10.0,0.021850694886264913,81.59,81.22,79.63,False,False,0.23838998596811928,1,False
R0047,2023-01-27,T3,1609,volt,normal,A,11,H0046,D033,TR006,11,64.1,1|2|2|5|4|3,75.83314948365789|77.12750304947504|78.70777834863365|77.51366105204194|80.75770893175726|79.2568239874873,5000.0|4300.0|4300.0|2200.0|2900.0|3600.0,0.15853969107671423|-0.003794351596264768|-0.6619259410666513|-0.42725264633653426|0.07212950771386951|0.02185214552344288,-1.0,0.08892003462467096,84.41,82.12,86.92,False,False,0.22563821932297248,4,False
R0048,2023-02-06,T1,1609,volt,soft,C,1,H0025,D052,TR030,1,66.3,14|8|13|13|7|8,84.5197243459587|82.94156203753893|81.83035245225827|83.25624611275252|81.09998812257365|79.30521353324345,200.0|200.0|200.0|200.0|800.0|200.0,-0.46235179266456716|-0.6091595155009588|-0.2140442325128213|-0.006069570708753795|0.06603069756121605|-0.09848548450942361,23.0,0.03446429999321802,76.74,76.4,76.0,False,False,0.022840428051395762,6,False
R0048,2023-02-06,T1,1609,volt,soft,A,2,H0102,D047,TR035,2,64.3,13|8|11|10,85.13777419613156|82.89304607057585|84.09490172430391|82.37453245103731,200.0|200.0|200.0|200.0,0.002525494009577042|-0.07971821090639905|-0.3162425923435822|-0.3781625540393897,25.0,0.0381314707101939,77.9,78.91,81.04,False,False,0.040975700799694245,5,False
R0048,2023-02-06,T4,1609,volt,soft,B,3,H0070,D029,TR035,3,67.2,11|10,83.20285948721218|83.87630563878231,200.0|200.0,-0.05072666946359382|-0.07971821090639905,35.0,0.1305019606394139,75.0,75.71,76.63,False,True,0.01266876314878491,8,False
R0048,2023-02-06,T3,1609,volt,soft,B,4,H0053,D041,TR012,4,66.1,9|9|5,82.18485957545538|82.29990065156406|79.85827781267479,200.0|200.0|2200.0,0.14481312316794914|0.33174860718129334|0.09998495544057745,20.0,0.027136099248989045,77.65,78.25,79.25,False,False,0.009363032164328617,2,False
R0048,2023-02-06,T2,1609,volt,soft,C,5,H0002,D056,TR018,5,67.5,1|1|6|7|1,75.6595171001969|75.39191563164795|80.49651257782382|78.90616708729154|78.16950471291959,5000.0|5000.0|1500.0|800.0|5000.0,0.11668580914072822|-0.01883211615105837|-0.395153246450803|-0.36514805226380964|0.3500927768033748,24.0,0.07610481520633441,82.5,83.17,80.77,False,False,0.7285900270240678,1,False
R0048,2023-02-06,T2,1609,volt,soft,B,6,H0092,D003,TR023,6,67.3,4|12|13,78.79468261628836|85.00117316975638|83.04376387420936,2900.0|200.0|200.0,0.21868859672901295|-0.3162425923435822|0.22359554877468227,20.0,0.07984800965255132,76.1,78.92,75.8,False,False,0.10227998231581334,4,False
R0048,2023-02-06,T3,1609,volt,soft,B,7,H0111,D054,TR000,7,63.8,5|4|5|7|3,80.26338119807475|80.88345513283669|80.62116977591036|80.11267976753255|76.86648265627665,2200.0|2900.0|2200.0|800.0|3600.0,0.26677001990663085|0.45096649289895147|-0.6619259410666513|0.15853969107671423|-0.3487250722484376,23.0,0.0033070993023779282,81.71,78.68,79.4,False,False,0.06198795360870206,3,False
R0048,2023-02-06,T2,1609,volt,soft,C,8,H0110,D043,TR040,8,67.6,6|6|12|3,79.29952485084675|82.03896749084683|83.7881171184229|80.10454807102816,1500.0|1500.0|200.0|3600.0,-0.003794351596264768|0.3783143704710149|-0.3781625540393897|0.01249411872768743,15.0,0.03298299840030132,83.41,82.51,79.95,False,False,0.021294112887213286,7,False
R0049,2023-01-29,T2,2600,auto,normal,A,1,H0016,D007,TR068,1,65.4,7|6|4|9|3,81.42770469089996|79.36449769086164|77.25933984703815|83.2420205102766|76.79038678822039,800.0|1500.0|2900.0|200.0|3600.0,0.08683481889421468|0.06603069756121605|0.037165821260646686|0.17326449994814916|0.067294958310591,2.0,0.0034771960634158695,81.68,82.34,82.28,False,False,0.10364035020623616,8,False
R0049,2023-01-29,T1,2600,auto,normal,A,2,H0037,D044,TR009,2,64.5,3|13|6|13|9,80.14898452379899|82.63129051650826|82.03282942271854|85.88509411938398|82.40885747762856,3600.0|200.0|1500.0|200.0|200.0,-0.07971821090639905|0.1627530651050056|-0.36514805226380964|0.2937196904057559|0.06603069756121605,3.0,0.11783540226372105,75.8,75.64,76.2,False,False,0.057391714477848424,4,False
R0049,2023-01-29,T3,2600,auto,normal,C,3,H0117,D001,TR071,3,66.1,3|4|8|7|4|12,79.2075504667967|78.62900333786301|82.8704299623413|81.25516920066632|80.55639891489908|83.67123421809764,3600.0|2900.0|200.0|800.0|2900.0|200.0,0.06603069756121605|-0.3333041369047793|0.45677523755741145|-0.395153246450803|0.2937196904057559|0.12784040316728537,1.0,0.02350983132284778,81.46,81.72,78.33,False,False,0.06489685397016408,6,False
R0049,2023-01-29,T1,2600,auto,normal,A,4,H0077,D055,TR016,4,64.8,8|8|9|8|12,79.27921120061524|80.13807660621656|83.25069315568035|80.24386254973179|85.03767339981184,200.0|200.0|200.0|200.0|200.0,0.7432541712034423|0.21868859672901295|0.45096649289895147|0.23267621135470395|-0.3093465397202384,10.0,0.0242864066018741,80.38,82.1,82.58,False,False,0.09344328770003764,5,False
R0049,2023-01-29,T4,2600,auto,normal,B,5,H0025,D020,TR070,5,64.4,8|13|13|7|8|6,82.94156203753893|81.83035245225827|83.25624611275252|81.09998812257365|79.30521353324345|78.19293139934196,200.0|200.0|200.0|800.0|200.0|1500.0,-0.6091595155009588|-0.2140442325128213|-0.006069570708753795|0.06603069756121605|-0.09848548450942361|-0.31967121635730134,-8.0,0.003271683813935982,78.06,76.87,78.28,False,False,0.04717834213961984,1,False
R0049,2023-01-29,T2,2600,auto,normal,C,6,H0082,D047,TR001,6,64.9,8|3|3|2,81.72466386470185|79.09477049152464|78.24656073785377|76.10531023981123,200.0|3600.0|3600.0|4300.0,0.33174860718129334|-0.3333041369047793|0.23267621135470395|0.2377356023322779,15.0,0.10590831689725191,77.06,78.75,76.55,False,False,0.04058881869853874,7,False
R0049,2023-01-29,T4,2600,auto,normal,B,7,H0078,D028,TR001,7,65.6,13|8|2|9,83.91085425851642|80.60979657481538|76.66517662666503|83.98570867147686,200.0|200.0|4300.0|200.0,-0.23133626495165632|-0.003794351596264768|-0.01883211615105837|0.07212950771386951,17.0,0.0712707121589335,83.59,83.05,79.27,False,False,0.43187230338087634,2,False
R0049,2023-01-29,T3,2600,auto,normal,A,8,H0067,D034,TR007,8,63.8,11|3|5,84.57886916787135|79.18779303309122|79.1152389378687,200.0|3600.0|2200.0,-0.07971821090639905|-0.3521335504882296|0.28911939868998415,7.0,0.0004373688788308873,74.97,77.38,80.29,False,False,0.030181758145984772,9,False
R0049,2023-01-29,T1,2600,auto,normal,A,9,H0040,D021,TR043,9,66.5,2|4|1|2|5|2,76.44668470771542|79.69341221845413|79.49869303659541|78.35817520652849|81.16062801503753|78.29848577382421,4300.0|2900.0|5000.0|4300.0|2200.0|4300.0,0.15853969107671423|-0.023958380046829514|-0.15452948206880215|0.02185214552344288|0.36177152111792077|0.02185214552344288,1.0,0.130137986909948,83.82,81.97,84.75,False,False,0.130806571280694,3,False
R0050,2023-01-19,T2,3100,volt,normal,C,1,H0037,D038,TR024,1,62.4,3|13|6|13|9|4,80.14898452379899|82.63129051650826|82.03282942271854|85.88509411938398|82.40885747762856|79.95047186105171,3600.0|200.0|1500.0|200.0|200.0|2900.0,-0.07971821090639905|0.1627530651050056|-0.36514805226380964|0.2937196904057559|0.06603069756121605|0.09019591830007856,-10.0,0.030833473540179842,76.23,77.48,75.64,False,False,0.010481066526875905,9,False
R0050,2023-01-19,T3,3100,volt,normal,C,2,H0110,D047,TR027,2,68.0,6|6|12|3|7,79.29952485084675|82.03896749084683|83.7881171184229|80.10454807102816|78.91790990619532,1500.0|1500.0|200.0|3600.0|800.0,-0.003794351596264768|0.3783143704710149|-0.3781625540393897|0.01249411872768743|-0.3521335504882296,-18.0,0.025740665809352636,83.23,81.26,81.09,True,False,0.1173580917286546,6,False
R0050,2023-01-19,T1,3100,volt,normal,C,3,H0100,D047,TR028,3,66.2,1|7|9|14|1,78.47587314392149|82.47018058180191|79.66609253930886|86.12878679336998|78.15534562964822,5000.0|800.0|200.0|200.0|5000.0,0.06603069756121605|-0.5961450137253788|-0.20102973073724123|-0.18486236354526056|-0.35626397106142593,7.0,0.018385996319144674,77.72,78.71,77.62,False,False,0.038734318118948424,7,False
R0050,2023-01-19,T1,3100,volt,normal,A,4,H0045,D035,TR017,4,65.4,11|2|6|6|8|8,82.06111603838049|78.59043321872494|81.69196561382836|80.51058814256237|80.39623093734376|81.59807759000533,200.0|4300.0|1500.0|1500.0|200.0|200.0,0.06603069756121605|-0.395153246450803|0.24829559362489212|-0.6619259410666513|0.22359554877468227|-0.049925910986252896,-7.0,0.07597796563066922,79.73,80.67,82.49,False,False,0.4537455083571573,1,False
R0050,2023-01-19,T4,3100,volt,normal,B,5,H0008,D046,TR054,5,63.0,3|11|2,80.49266217280723|80.65081394420984|79.84039850981962,3600.0|200.0|4300.0,-0.12664505285162042|0.7432541712034423|-0.3093465397202384,0.0,0.0201860590155408,80.43,78.28,80.2,False,False,0.13873882211610078,2,False
R0050,2023-01-19,T4,3100,volt,normal,B,6,H0000,D054,TR008,6,65.2,1|8|2|1|2,77.00736109981939|80.33374283280979|77.5726526158495|76.93521550521429|77.27974863583775,5000.0|200.0|4300.0|5000.0|4300.0,-0.003794351596264768|0.06603069756121605|-0.3333041369047793|-0.18486236354526056|0.21868859672901295,2.0,0.03685714002416811,78.33,81.29,79.99,False,False,0.04855881700073298,5,False
R0050,2023-01-19,T2,3100,volt,normal,B,7,H0039,D045,TR063,7,65.3,3|11|7|4|7|11,76.60978534452195|84.09659996714295|82.25675002999091|79.66584013132442|82.16389676902|82.83206961929942,3600.0|200.0|800.0|2900.0|800.0|200.0,-0.01883211615105837|0.36177152111792077|0.17326449994814916|-0.049925910986252896|0.01249411872768743|0.02185214552344288,-9.0,0.012446019122444533,83.85,84.07,82.74,False,False,0.06954921057370247,3,False
R0050,2023-01-19,T2,3100,volt,normal,C,8,H0081,D006,TR052,8,66.2,7|5|4|9|7|7,78.84854496021859|77.85683428833156|79.26000302590533|82.14581824606539|79.8028250050015|82.41448267389772,800.0|2200.0|2900.0|200.0|800.0|800.0,0.7432541712034423|0.4247487214942039|-0.30120473701904804|0.12784040316728537|-0.4283278221631072|-0.18486236354526056,0.0,0.035699315856774445,74.84,77.65,78.8,False,False,0.11632000253211623,4,False
R0050,2023-01-19,T3,3100,volt,normal,B,9,H0015,D014,TR076,9,62.4,9|4|11|2|10,81.01989549460315|80.86956147270968|81.73249126134142|80.11490161714948|83.07514232631748,200.0|2900.0|200.0|4300.0|200.0,0.4675093422520456|0.002525494009577042|-0.10875174097479069|-0.36514805226380964|0.12784040316728537,-9.0,0.025958960761174953,75.8,75.92,74.94,False,False,0.006514163045711343,8,False
R0051,2023-02-04,T3,1609,volt,normal,B,1,H0068,D010,TR069,1,65.4,7|2|1|4|6,80.41205963410482|78.37086571542085|75.60612427731951|78.35922413179004|78.14044504769325,800.0|4300.0|5000.0|2900.0|1500.0,0.45677523755741145|0.15188314994674695|-0.36514805226380964|-0.5941499556967944|-0.3487250722484376,21.0,0.12037805064432143,83.63,84.9,85.23,False,False,0.13849275470521347,7,False
R0051,2023-02-04,T1,1609,volt,normal,C,2,H0009,D058,TR070,2,64.7,10|6|2,84.02128511057029|80.5332189661457|77.37617279141173,200.0|1500.0|4300.0,0.002525494009577042|0.09998495544057745|0.28911939868998415,13.0,0.053580837100614204,75.94,75.06,76.24,False,False,0.013004127997767706,6,False
R0051,2023-02-04,T3,1609,volt,normal,B,3,H0114,D029,TR026,3,66.3,4|5|3|2|7|2,78.9021852224801|81.44820203022286|77.88999688432548|77.3995749742119|81.07184488900857|80.05128835559819,2900.0|2200.0|3600.0|4300.0|800.0|4300.0,0.04151742709930327|0.45677523755741145|-0.18486236354526056|-0.21592588069731433|-0.03879857735017232|0.28911939868998415,18.0,0.025624910585314204,78.15,80.89,80.3,False,False,0.07034043735383137,4,False
R0051,2023-02-04,T2,1609,volt,normal,A,4,H0080,D028,TR065,4,62.8,3|7|4,77.95491371015439|82.43014184283162|79.72737790122075,3600.0|800.0|2900.0,0.7375155684670865|0.07212950771386951|0.02185214552344288,7.0,0.02673364239775466,82.26,81.47,81.48,False,False,0.055182533244206765,3,False
R0051,2023-02-04,T3,1609,volt,normal,A,5,H0099,D055,TR019,5,63.2,10,83.9687697167383,200.0,-0.07971821090639905,34.0,0.018915881280506468,74.21,75.85,77.59,False,False,0.014780485503226427,8,False
R0051,2023-02-04,T1,1609,volt,normal,C,6,H0016,D002,TR019,6,66.5,7|6|4|9|3|8,81.42770469089996|79.36449769086164|77.25933984703815|83.2420205102766|76.79038678822039|81.86848509107821,800.0|1500.0|2900.0|200.0|3600.0|200.0,0.08683481889421468|0.06603069756121605|0.037165821260646686|0.17326449994814916|0.067294958310591|-0.16514070248239335,6.0,0.0847225731586772,79.81,81.59,79.77,False,False,0.1366418202104938,2,False
R0051,2023-02-04,T3,1609,volt,normal,A,7,H0011,D028,TR078,7,67.7,1|3|4|10,76.87555851094106|80.54579230491156|79.53485142210407|84.00526253304436,5000.0|3600.0|2900.0|200.0,0.45677523755741145|-0.35626397106142593|0.18025830726099468|0.07212950771386951,18.0,0.05073710489212717,82.92,81.47,82.85,True,False,0.417160299941108,1,False
R0051,2023-02-04,T3,1609,volt,normal,C,8,H0110,D044,TR001,8,63.3,6|6|12|3|7|6,79.29952485084675|82.03896749084683|83.7881171184229|80.10454807102816|78.91790990619532|81.96481652265756,1500.0|1500.0|200.0|3600.0|800.0|1500.0,-0.003794351596264768|0.3783143704710149|-0.3781625540393897|0.01249411872768743|-0.3521335504882296|-0.19748185577183924,16.0,0.1318778145438718,82.94,81.95,80.71,False,False,0.10295475293999375,5,False
R0051,2023-02-04,T4,1609,volt,normal,A,9,H0064,D030,TR028,9,65.5,11|5|10|8|3,84.17393675814425|81.5310370918331|83.99434651286913|80.53544602905362|78.14229273031351,200.0|2200.0|200.0|200.0|3600.0,-0.14597170436548626|-0.6091595155009588|0.17326449994814916|-0.21592588069731433|0.21868859672901295,18.0,0.04760913607442072,84.13,83.06,81.43,False,False,0.051442788104158706,9,False
R0052,2023-02-08,T4,3100,volt,normal,B,1,H0114,D000,TR066,1,65.3,5|3|2|7|2|4,81.44820203022286|77.88999688432548|77.3995749742119|81.07184488900857|80.05128835559819|77.76398089990552,2200.0|3600.0|4300.0|800.0|4300.0|2900.0,0.45677523755741145|-0.18486236354526056|-0.21592588069731433|-0.03879857735017232|0.28911939868998415|0.44559944055163436,4.0,0.15674375636548993,79.33,79.8,79.81,False,False,0.025771889692429484,5,False
R0052,2023-02-08,T1,3100,volt,normal,B,2,H0071,D038,TR028,2,62.9,3|12|7,78.08697685429273|84.8885283798503|78.6922915355123,3600.0|200.0|800.0,0.4675093422520456|0.45677523755741145|0.2377356023322779,25.0,0.025287020463560236,72.73,75.81,77.47,False,False,0.02244804007774227,3,False
R0052,2023-02-08,T1,3100,volt,normal,A,3,H0003,D029,TR036,3,65.2,6|1,82.04012011199633|77.70675333393704,1500.0|5000.0,-0.35626397106142593|0.18025830726099468,27.0,0.026408224683146502,84.03,84.02,86.73,False,False,0.40428111757102675,2,False
R0052,2023-02-08,T4,3100,volt,normal,B,4,H0060,D057,TR068,4,66.4,12|14|10|11|12|8,81.48040679118107|83.23556080678252|82.82373364697882|82.00449605923075|83.7603877802026|81.71726313922792,200.0|200.0|200.0|200.0|200.0|200.0,0.7432541712034423|0.1627530651050056|0.12784040316728537|-0.006069570708753795|0.06603069756121605|-0.4173714192738614,23.0,0.04575093558352182,71.85,71.59,73.85,False,False,0.03533018032180803,7,False
R0052,2023-02-08,T3,3100,volt,normal,C,5,H0098,D018,TR023,5,64.2,,,,,,0.0939531775093259,81.04,80.93,81.57,False,False,0.33518730492321464,1,False
R0052,2023-02-08,T1,3100,volt,normal,A,6,H0095,D029,TR018,6,66.4,2|11|13|7,77.65047674654254|83.10070066642011|83.11151516856496|81.48604345047785,4300.0|200.0|200.0|800.0,0.1627530651050056|0.06603069756121605|-0.10875174097479069|-0.35626397106142593,27.0,0.00663783645038795,74.28,71.65,72.66,False,False,0.007033824896848528,8,False
R0052,2023-02-08,T3,3100,volt,normal,C,7,H0116,D004,TR019,7,63.4,5|11|2|6,81.04897480466845|83.30223039742374|77.06887862428329|80.71997432136278,2200.0|200.0|4300.0|1500.0,-0.15452948206880215|0.27933070308758406|0.15853969107671423|0.549398784045293,26.0,0.012045041389099367,82.22,81.9,81.62,False,False,0.10680811879182173,6,False
R0052,2023-02-08,T4,3100,volt,normal,C,8,H0010,D055,TR056,8,62.6,8|2|1|3|5|3,80.65816122433802|79.95998700951547|75.90438125632963|80.0779734995102|79.03550424510341|79.2306175621085,200.0|4300.0|5000.0|3600.0|2200.0|3600.0,0.28911939868998415|0.36177152111792077|-0.42725264633653426|-0.35626397106142593|-0.21592588069731433|0.3500927768033748,26.0,0.010238656067811016,83.24,82.4,82.21,False,False,0.0631395237251084,4,False
R0053,2023-02-03,T4,2600,auto,normal,A,1,H0096,D015,TR073,1,63.3,6|8,80.78017095249083|79.3354338291502,1500.0|200.0,0.12784040316728537|0.3289350913862415,7.0,0.023164914244916172,72.77,74.0,74.9,False,False,0.017913296522227874,5,False
R0053,2023-02-03,T1,2600,auto,normal,B,2,H0054,D051,TR064,2,66.9,10|10|6|8|8,81.61111641773003|81.15189940219443|79.6244882093519|81.55816041359148|81.59640358774807,200.0|200.0|1500.0|200.0|200.0,0.7375155684670865|0.11744128640943755|0.23267621135470395|-0.35626397106142593|0.12784040316728537,6.0,0.05172758982611962,75.82,78.01,75.59,False,True,0.20973347226626107,1,False
R0053,2023-02-03,T3,2600,auto,normal,A,3,H0116,D044,TR069,3,67.9,5|11|2|6|6,81.04897480466845|83.30223039742374|77.06887862428329|80.71997432136278|81.72738507843974,2200.0|200.0|4300.0|1500.0|1500.0,-0.15452948206880215|0.27933070308758406|0.15853969107671423|0.549398784045293|0.07212950771386951,-5.0,0.012372636382881684,82.99,81.03,82.33,False,False,0.4077955799093468,3,False
R0053,2023-02-03,T3,2600,auto,normal,A,4,H0049,D016,TR043,4,68.0,10|12,81.53721056873044|82.5921484020237,200.0|200.0,-0.3333041369047793|-0.21592588069731433,19.0,0.04109523097804575,79.88,76.91,81.22,False,False,0.20550126388317363,4,False
R0053,2023-02-03,T2,2600,auto,normal,A,5,H0005,D057,TR022,5,65.9,9|10|1|13,82.38818683896925|82.69644294790152|76.87059047211825|84.34200375637934,200.0|200.0|5000.0|200.0,-0.3521335504882296|0.33174860718129334|-0.006069570708753795|-0.4173714192738614,18.0,0.024396335576589413,74.44,74.05,74.03,False,False,0.06094447359834496,8,False
R0053,2023-02-03,T3,2600,auto,normal,C,6,H0094,D057,TR018,6,65.6,13|3|6|12|7|3,82.8001710217338|80.56589222030634|80.62014031455409|81.12109301376962|78.78321563633969|78.48956055071858,200.0|3600.0|1500.0|200.0|800.0|3600.0,0.11744128640943755|-0.36514805226380964|0.33174860718129334|-0.20102973073724123|0.01249411872768743|-0.006069570708753795,19.0,0.011560739780206388,73.17,72.27,74.22,False,False,0.03046209535762023,7,False
R0053,2023-02-03,T1,2600,auto,normal,C,7,H0009,D059,TR077,7,65.2,10|6|2|6,84.02128511057029|80.5332189661457|77.37617279141173|78.65894018232551,200.0|1500.0|4300.0|1500.0,0.002525494009577042|0.09998495544057745|0.28911939868998415|0.44559944055163436,-1.0,0.04775410916948995,76.76,74.19,75.36,False,False,0.050725690834226844,2,False
R0053,2023-02-03,T2,2600,auto,normal,A,8,H0084,D022,TR040,8,62.7,9|11|8|7|12,83.49901649554965|84.37521672341742|80.45851435266064|78.772418122282|84.60440540206672,200.0|200.0|200.0|800.0|200.0,-0.36514805226380964|0.45677523755741145|-0.4283278221631072|-0.09848548450942361|0.28911939868998415,17.0,0.021900248023228222,73.88,74.12,71.28,False,False,0.016924127628798476,6,False
R0054,2023-01-22,T3,1609,auto,normal,C,1,H0044,D009,TR043,1,66.3,6|5|6,78.50276159258793|78.78539996918033|81.00897651721066,1500.0|2200.0|1500.0,0.4869724807855818|0.22359554877468227|-0.6264045189271734,6.0,0.18715390998623554,81.36,82.41,82.39,False,False,0.030728048157666624,4,False
R0054,2023-01-22,T4,1609,auto,normal,B,2,H0106,D017,TR048,2,63.3,5|7|10|7,79.83695176788831|78.98509213737134|83.9462121696387|81.03347210942282,2200.0|800.0|200.0|800.0,-0.3521335504882296|0.4869724807855818|0.45677523755741145|0.12784040316728537,-6.0,0.05440232085077119,75.72,75.61,77.6,False,False,0.043833469228319856,1,False
R0054,2023-01-22,T2,1609,auto,normal,A,3,H0079,D056,TR014,3,62.6,4|4|2|3|9,80.82163819024544|76.98588152855085|79.95963554198849|80.72526776441177|79.79600847493116,2900.0|2900.0|4300.0|3600.0|200.0,-0.07971821090639905|0.4869724807855818|-0.35626397106142593|-0.18486236354526056|0.3289350913862415,-5.0,0.07859535136898027,78.98,78.6,77.59,False,False,0.05641276583594519,5,False
R0054,2023-01-22,T4,1609,auto,normal,B,4,H0025,D003,TR055,4,62.0,13|13|7|8|6|1,81.83035245225827|83.25624611275252|81.09998812257365|79.30521353324345|78.19293139934196|78.61247327329286,200.0|200.0|800.0|200.0|1500.0|5000.0,-0.2140442325128213|-0.006069570708753795|0.06603069756121605|-0.09848548450942361|-0.31967121635730134|0.09019591830007856,-7.0,0.032062388248614265,78.74,79.35,76.9,False,False,0.1337319652886913,3,False
R0054,2023-01-22,T3,1609,auto,normal,C,5,H0028,D010,TR004,5,63.1,6|8|1,80.7326491108938|82.58571702629001|75.99617708968293,1500.0|200.0|5000.0,0.08683481889421468|0.07212950771386951|0.067294958310591,-5.0,0.12856707166774783,84.32,79.06,80.95,True,False,0.18819120508443107,8,False
R0054,2023-01-22,T1,1609,auto,normal,B,6,H0042,D024,TR058,6,65.0,13|1|5,84.4842289394071|77.91586605856246|78.04663959623412,200.0|5000.0|2200.0,0.33174860718129334|-0.30120473701904804|-0.09848548450942361,8.0,0.05398523134652696,76.94,76.08,78.77,False,False,0.02736701755904219,6,False
R0054,2023-01-22,T2,1609,auto,normal,A,7,H0067,D019,TR020,7,66.3,11|3|5|9,84.57886916787135|79.18779303309122|79.1152389378687|82.30350179857795,200.0|3600.0|2200.0|200.0,-0.07971821090639905|-0.3521335504882296|0.28911939868998415|0.09019591830007856,-7.0,0.032318425101801,78.11,78.79,76.1,False,False,0.3131863246286242,7,False
R0054,2023-01-22,T4,1609,auto,normal,C,8,H0073,D002,TR017,8,63.5,4|6|5|7|5|4,78.98408300244948|80.55841616727179|79.45459836519588|81.07208042893019|77.46930486995159|78.55636592488372,2900.0|1500.0|2200.0|800.0|2200.0|2900.0,0.28911939868998415|-0.023958380046829514|0.15853969107671423|0.02185214552344288|-0.36514805226380964|0.15853969107671423,8.0,0.15713305963202892,80.44,81.88,83.77,False,False,0.20654920421727951,2,False
R0055,2023-01-18,T4,2100,volt,hard,C,1,H0077,D029,TR061,1,65.2,8|8|9|8|12|5,79.27921120061524|80.13807660621656|83.25069315568035|80.24386254973179|85.03767339981184|80.01794212673478,200.0|200.0|200.0|200.0|200.0|2200.0,0.7432541712034423|0.21868859672901295|0.45096649289895147|0.23267621135470395|-0.3093465397202384|-0.16514070248239335,-11.0,0.07782485267528996,81.01,78.46,81.99,False,False,0.07856934528951443,7,False
R0055,2023-01-18,T1,2100,volt,hard,C,2,H0017,D006,TR030,2,63.7,10|5|11,82.7123732623656|81.59952670457092|83.07773116029664,200.0|2200.0|200.0,-0.3521335504882296|-0.18486236354526056|0.549398784045293,5.0,0.02724947778557553,73.98,77.72,74.96,False,False,0.07984213025722296,5,False
R0055,2023-01-18,T1,2100,volt,hard,B,3,H0111,D017,TR056,3,64.1,5|4|5|7|3|3,80.26338119807475|80.88345513283669|80.62116977591036|80.11267976753255|76.86648265627665|76.8856778358593,2200.0|2900.0|2200.0|800.0|3600.0|3600.0,0.26677001990663085|0.45096649289895147|-0.6619259410666513|0.15853969107671423|-0.3487250722484376|-0.3521335504882296,-19.0,0.02817581011799962,80.89,78.03,81.57,False,False,0.11273034715129193,3,False
R0055,2023-01-18,T2,2100,volt,hard,B,4,H0010,D007,TR049,4,62.2,2|1|3|5|3|4,79.95998700951547|75.90438125632963|80.0779734995102|79.03550424510341|79.2306175621085|80.88237127601751,4300.0|5000.0|3600.0|2200.0|3600.0|2900.0,0.36177152111792077|-0.42725264633653426|-0.35626397106142593|-0.21592588069731433|0.3500927768033748|0.07212950771386951,-21.0,0.06521113251440654,85.02,81.99,80.77,False,True,0.19264212491707713,4,False
R0055,2023-01-18,T1,2100,volt,hard,A,5,H0082,D017,TR072,5,67.6,8|3|3|2|7,81.72466386470185|79.09477049152464|78.24656073785377|76.10531023981123|80.8851370673718,200.0|3600.0|3600.0|4300.0|800.0,0.33174860718129334|-0.3333041369047793|0.23267621135470395|0.2377356023322779|0.09019591830007856,-11.0,0.16433612367256872,79.19,79.06,79.21,False,False,0.09249241587826476,2,False
R0055,2023-01-18,T1,2100,volt,hard,B,6,H0025,D000,TR064,6,62.8,13|7|8|6|1|3,83.25624611275252|81.09998812257365|79.30521353324345|78.19293139934196|78.61247327329286|76.96232908320046,200.0|800.0|200.0|1500.0|5000.0|3600.0,-0.006069570708753795|0.06603069756121605|-0.09848548450942361|-0.31967121635730134|0.09019591830007856|-0.3093465397202384,-4.0,0.0340013880064568,76.99,78.4,76.58,False,False,0.07644363829607395,6,False
R0055,2023-01-18,T1,2100,volt,hard,B,7,H0084,D016,TR018,7,67.4,9|11|8|7|12|6,83.49901649554965|84.37521672341742|80.45851435266064|78.772418122282|84.60440540206672|80.55607280476296,200.0|200.0|200.0|800.0|200.0|1500.0,-0.36514805226380964|0.45677523755741145|-0.4283278221631072|-0.09848548450942361|0.28911939868998415|-0.85304392757358,-16.0,0.0038459340310868246,72.38,73.81,72.96,False,False,0.028093021056883414,8,False
R0055,2023-01-18,T4,2100,volt,hard,A,8,H0003,D043,TR047,8,67.8,6|1|2,82.04012011199633|77.70675333393704|79.83848473991053,1500.0|5000.0|4300.0,-0.35626397106142593|0.18025830726099468|0.07212950771386951,-21.0,0.07773042983993492,84.26,82.65,82.49,True,False,0.3391869771536714,1,False
R0056,2023-02-06,T4,1609,volt,normal,A,1,H0100,D033,TR019,1,67.2,1|7|9|14|1|7,78.47587314392149|82.47018058180191|79.66609253930886|86.12878679336998|78.15534562964822|82.23391309331991,5000.0|800.0|200.0|200.0|5000.0|800.0,0.06603069756121605|-0.5961450137253788|-0.20102973073724123|-0.18486236354526056|-0.35626397106142593|0.10094371961236208,18.0,0.05574220903506757,76.55,77.61,80.64,False,False,0.0234359079974134,6,False
R0056,2023-02-06,T1,1609,volt,normal,A,2,H0095,D054,TR044,2,63.0,2|11|13|7|8,77.65047674654254|83.10070066642011|83.11151516856496|81.48604345047785|82.850042002715,4300.0|200.0|200.0|800.0|200.0,0.1627530651050056|0.06603069756121605|-0.10875174097479069|-0.35626397106142593|0.23267621135470395,-2.0,0.017704749049049173,72.64,73.44,76.5,False,False,0.006129155369908052,9,False
R0056,2023-02-06,T2,1609,volt,normal,B,3,H0008,D025,TR045,3,63.3,3|11|2|2,80.49266217280723|80.65081394420984|79.84039850981962|79.81590159823526,3600.0|200.0|4300.0|4300.0,-0.12664505285162042|0.7432541712034423|-0.3093465397202384|-0.07973697865518838,18.0,0.03474938021510659,79.86,81.4,78.08,False,False,0.07964183290641874,1,False
R0056,2023-02-06,T1,1609,volt,normal,C,4,H0010,D018,TR014,4,62.1,1|3|5|3|4|4,75.90438125632963|80.0779734995102|79.03550424510341|79.2306175621085|80.88237127601751|78.25617351643048,5000.0|3600.0|2200.0|3600.0|2900.0|2900.0,-0.42725264633653426|-0.35626397106142593|-0.21592588069731433|0.3500927768033748|0.07212950771386951|-0.3521335504882296,19.0,0.07934456131436528,84.66,83.35,86.28,False,False,0.4269079233710224,2,False
R0056,2023-02-06,T2,1609,volt,normal,B,5,H0108,D022,TR000,5,66.7,5|2|9|1|4,78.68780832940111|78.97753622180528|80.72549715656513|78.31279206348034|79.61827250353093,2200.0|4300.0|200.0|5000.0|2900.0,0.28911939868998415|-0.23133626495165632|0.21868859672901295|-0.049925910986252896|0.3500927768033748,24.0,0.09737740053080876,84.2,83.94,81.05,False,False,0.10673536746040259,8,False
R0056,2023-02-06,T2,1609,volt,normal,C,6,H0052,D048,TR057,6,67.4,11|2|11,81.1054298677811|77.8817580716914|83.2456143370246,200.0|4300.0|200.0,-0.20102973073724123|-0.4283278221631072|-0.4173714192738614,21.0,0.04285907997485412,71.26,74.13,72.96,False,False,0.01252136761503172,10,False
R0056,2023-02-06,T2,1609,volt,normal,A,7,H0111,D031,TR049,7,66.0,4|5|7|3|3|3,80.88345513283669|80.62116977591036|80.11267976753255|76.86648265627665|76.8856778358593|78.01740217082515,2900.0|2200.0|800.0|3600.0|3600.0|3600.0,0.45096649289895147|-0.6619259410666513|0.15853969107671423|-0.3487250722484376|-0.3521335504882296|-0.3521335504882296,19.0,0.11554037550480213,81.98,82.3,76.79,False,False,0.06491294185131602,5,False
R0056,2023-02-06,T3,1609,volt,normal,A,8,H0054,D010,TR057,8,63.8,10|10|6|8|8|1,81.61111641773003|81.15189940219443|79.6244882093519|81.55816041359148|81.59640358774807|78.04003424414758,200.0|200.0|1500.0|200.0|200.0|5000.0,0.7375155684670865|0.11744128640943755|0.23267621135470395|-0.35626397106142593|0.12784040316728537|-1.1958396455890397,3.0,0.002344012165344487,78.72,77.78,77.76,False,False,0.025039979395054174,4,False
R0056,2023-02-06,T1,1609,volt,normal,B,9,H0056,D041,TR030,9,64.9,5|5|3|3|5,81.37853545079473|78.1266081680956|80.30923091024465|79.03867921767757|81.38011662226985,2200.0|2200.0|3600.0|3600.0|2200.0,0.002525494009577042|0.7432541712034423|0.2937196904057559|0.06603069756121605|0.28911939868998415,20.0,0.12271795600356013,78.48,77.85,78.7,False,True,0.023188561363048036,7,False
R0056,2023-02-06,T1,1609,volt,normal,B,10,H0089,D044,TR041,10,66.2,2,76.41130203691334,4300.0,0.067294958310591,10.0,0.11580485956381935,83.15,82.96,82.24,False,False,0.23148696267038496,3,False
R0057,2023-02-07,T4,2600,volt,normal,B,1,H0050,D049,TR016,1,63.1,10|6|4|9|7|11,84.0586238859193|79.72211254805855|78.86240677821576|83.6851431276306|80.18120208551412|80.77408201763147,200.0|1500.0|2900.0|200.0|800.0|200.0,0.45096649289895147|-0.21592588069731433|0.21868859672901295|0.07212950771386951|-0.1913043248816149|0.10711065100684834,11.0,0.04948934926792493,82.45,81.32,79.91,False,False,0.11845915429876565,2,False
R0057,2023-02-07,T1,2600,volt,normal,B,2,H0079,D042,TR025,2,66.4,4|4|2|3|9|5,80.82163819024544|76.98588152855085|79.95963554198849|80.72526776441177|79.79600847493116|77.82248179332096,2900.0|2900.0|4300.0|3600.0|200.0|2200.0,-0.07971821090639905|0.4869724807855818|-0.35626397106142593|-0.18486236354526056|0.3289350913862415|-0.3521335504882296,16.0,0.11191155804374663,77.07,77.53,79.8,False,False,0.13357071577247298,9,False
R0057,2023-02-07,T3,2600,volt,normal,A,3,H0063,D024,TR045,3,62.7,6|4|4,81.74144093963312|79.74149259924974|79.64234213474904,1500.0|2900.0|2900.0,-0.15452948206880215|0.02185214552344288|-0.06665402507688026,21.0,0.07662676891228092,81.81,79.62,84.94,False,False,0.1463012524711358,3,False
R0057,2023-02-07,T3,2600,volt,normal,A,4,H0042,D059,TR062,4,67.8,13|1|5|6,84.4842289394071|77.91586605856246|78.04663959623412|78.35259590127849,200.0|5000.0|2200.0|1500.0,0.33174860718129334|-0.30120473701904804|-0.09848548450942361|-0.3093465397202384,16.0,0.0323942694932348,74.91,78.66,77.23,False,False,0.03170274373809256,7,False
R0057,2023-02-07,T3,2600,volt,normal,B,5,H0007,D017,TR078,5,67.3,11|4|4,83.04555398017264|80.86794324640861|80.77132055598364,200.0|2900.0|2900.0,-0.46235179266456716|-0.6091595155009588|-0.35626397106142593,27.0,0.04404576222688531,79.48,78.15,83.3,False,False,0.05544597554120582,4,False
R0057,2023-02-07,T2,2600,volt,normal,A,6,H0093,D021,TR003,6,66.6,9|12|7|10|9|5,83.43104164100453|82.53460142793044|82.43718701408108|84.10686855179787|81.26494739312545|80.11181660107177,200.0|200.0|800.0|200.0|200.0|2200.0,-0.35626397106142593|0.11744128640943755|-0.15452948206880215|-0.35626397106142593|-0.14227724049966906|-0.3781625540393897,26.0,0.003961070424736572,78.25,79.18,80.59,False,False,0.06875165078361467,11,False
R0057,2023-02-07,T3,2600,volt,normal,B,7,H0008,D000,TR067,7,65.0,3|11|2|2|1,80.49266217280723|80.65081394420984|79.84039850981962|79.81590159823526|75.87719722281129,3600.0|200.0|4300.0|4300.0|5000.0,-0.12664505285162042|0.7432541712034423|-0.3093465397202384|-0.07973697865518838|-0.27514225122668373,1.0,0.01186904996485597,82.17,80.42,78.42,False,False,0.09226705132363285,5,False
R0057,2023-02-07,T2,2600,volt,normal,B,8,H0082,D014,TR031,8,63.2,8|3|3|2|7|2,81.72466386470185|79.09477049152464|78.24656073785377|76.10531023981123|80.8851370673718|77.50832206973921,200.0|3600.0|3600.0|4300.0|800.0|4300.0,0.33174860718129334|-0.3333041369047793|0.23267621135470395|0.2377356023322779|0.09019591830007856|0.15853969107671423,20.0,0.1142955488914332,78.87,79.85,80.62,False,True,0.01688734465975938,6,False
R0057,2023-02-07,T3,2600,volt,normal,B,9,H0068,D014,TR064,9,63.5,7|2|1|4|6|7,80.41205963410482|78.37086571542085|75.60612427731951|78.35922413179004|78.14044504769325|78.55253307770359,800.0|4300.0|5000.0|2900.0|1500.0|800.0,0.45677523755741145|0.15188314994674695|-0.36514805226380964|-0.5941499556967944|-0.3487250722484376|0.40158721381417806,3.0,0.011116271847574575,85.23,84.86,83.72,False,False,0.24247998624829192,8,False
R0057,2023-02-07,T1,2600,volt,normal,A,10,H0012,D045,TR003,10,65.8,6|3|4|5|11|5,80.67261210993604|79.22233574724211|78.28527685417248|80.31359324804845|83.4005829204575|81.25422596396335,1500.0|3600.0|2900.0|2200.0|200.0|2200.0,0.35262247229216176|0.0548240455599036|0.1627530651050056|0.02185214552344288|-0.049925910986252896|0.01249411872768743,16.0,0.22482870042899833,81.35,81.21,81.42,False,False,0.06056316823623199,10,False
R0057,2023-02-07,T2,2600,volt,normal,A,11,H0055,D020,TR050,11,64.4,12|7,84.87822302259332|79.7441219824157,200.0|800.0,0.002525494009577042|-0.006069570708753795,23.0,0.0457993543565166,76.75,75.04,78.69,False,False,0.03357095692679646,1,False
R0058,2023-02-06,T3,3100,volt,normal,C,1,H0059,D056,TR004,1,66.7,1|4|5|1|2|4,78.27699508082142|77.21348822839963|79.15699085773758|79.31772740655869|77.55834220181882|81.00268886353514,5000.0|2900.0|2200.0|5000.0|4300.0|2900.0,-0.23133626495165632|0.15853969107671423|-0.3333041369047793|0.36177152111792077|-0.18486236354526056|-0.3093465397202384,18.0,0.007983034529482975,85.15,83.78,83.9,False,False,0.16705920902414542,3,False
R0058,2023-02-06,T1,3100,volt,normal,A,2,H0030,D001,TR033,2,66.2,3|1|1|2|3|3,76.8725025004752|76.6204128962997|79.42208416512958|78.82467867591839|79.14538178353614|80.39314768943912,3600.0|5000.0|5000.0|4300.0|3600.0|3600.0,0.11668580914072822|-0.3333041369047793|-0.3093465397202384|-0.049925910986252896|-0.6264045189271734|0.07212950771386951,20.0,0.04300249293166902,91.14,89.67,86.68,False,False,0.3593549500303289,1,False
R0058,2023-02-06,T3,3100,volt,normal,C,3,H0090,D020,TR046,3,64.4,7|9|7,81.46463550262895|83.44666924925711|78.84661651930017,800.0|200.0|800.0,0.3500927768033748|0.01249411872768743|0.067294958310591,10.0,0.08204669814228048,83.52,84.44,83.46,False,False,0.3260376575686411,6,False
R0058,2023-02-06,T4,3100,volt,normal,A,4,H0002,D043,TR021,4,65.8,1|1|6|7|1|1,75.6595171001969|75.39191563164795|80.49651257782382|78.90616708729154|78.16950471291959|75.69390260227544,5000.0|5000.0|1500.0|800.0|5000.0|5000.0,0.11668580914072822|-0.01883211615105837|-0.395153246450803|-0.36514805226380964|0.3500927768033748|-0.3521335504882296,0.0,0.06943600700834135,83.67,81.73,84.01,False,False,0.04821991223636717,7,False
R0058,2023-02-06,T4,3100,volt,normal,C,5,H0055,D058,TR077,5,64.1,12|7|1,84.87822302259332|79.7441219824157|77.82275731212637,200.0|800.0|5000.0,0.002525494009577042|-0.006069570708753795|-0.04825968420534392,-1.0,0.0742284025386556,77.61,76.23,75.34,False,False,0.007772536154522229,5,False
R0058,2023-02-06,T2,3100,volt,normal,B,6,H0088,D010,TR049,6,62.5,7|6|3|1,80.04026897064298|78.32288390364558|80.27253622151348|79.36418787665198,800.0|1500.0|3600.0|5000.0,0.15853969107671423|-0.01883211615105837|0.07212950771386951|0.17326449994814916,27.0,0.028640316585498288,83.04,81.57,81.27,False,False,0.031800226603700577,4,False
R0058,2023-02-06,T2,3100,volt,normal,B,7,H0112,D039,TR035,7,65.6,12|7|7|3|8,85.11643475874791|82.61967609532365|78.92963877858912|77.85557554595428|82.88979036486359,200.0|800.0|800.0|3600.0|200.0,-0.07971821090639905|-0.07971821090639905|0.4247487214942039|-0.4283278221631072|-0.3162425923435822,26.0,0.2896997256967075,76.69,76.29,76.74,False,False,0.006213613573369837,8,False
R0058,2023-02-06,T3,3100,volt,normal,B,8,H0073,D011,TR038,8,66.2,6|5|7|5|4|2,80.55841616727179|79.45459836519588|81.07208042893019|77.46930486995159|78.55636592488372|76.47719846132843,1500.0|2200.0|800.0|2200.0|2900.0|4300.0,-0.023958380046829514|0.15853969107671423|0.02185214552344288|-0.36514805226380964|0.15853969107671423|-0.3521335504882296,15.0,0.07283849167835475,83.31,83.43,81.6,False,False,0.05354189480892476,2,False
R0059,2023-02-14,T3,2600,volt,hard,B,1,H0097,D055,TR044,1,66.8,3|8|3|3|13,78.12798723316016|81.75092783417328|78.87128475855495|76.40553287222922|85.66484507551537,3600.0|200.0|3600.0|3600.0|200.0,0.21868859672901295|0.29617316642859054|0.12784040316728537|-0.20102973073724123|-0.18486236354526056,26.0,0.18771297286726146,73.29,74.87,75.06,False,False,0.011865582770973701,8,False
R0059,2023-02-14,T1,2600,volt,hard,B,2,H0106,D005,TR005,2,67.2,5|7|10|7|1,79.83695176788831|78.98509213737134|83.9462121696387|81.03347210942282|75.48946353601988,2200.0|800.0|200.0|800.0|5000.0,-0.3521335504882296|0.4869724807855818|0.45677523755741145|0.12784040316728537|-0.3093465397202384,23.0,0.01885499841145835,74.45,74.7,76.42,False,False,0.022323473830323636,7,False
R0059,2023-02-14,T4,2600,volt,hard,A,3,H0091,D001,TR073,3,62.9,3|4|1|7|4|11,79.28048032516055|79.77053817213813|79.2117588325929|80.07242499518854|77.6323060993761|84.10403019134552,3600.0|2900.0|5000.0|800.0|2900.0|200.0,0.35262247229216176|0.29617316642859054|-0.35626397106142593|0.22359554877468227|-0.3521335504882296|0.28911939868998415,28.0,0.13503056397943763,78.14,78.82,82.89,False,False,0.01934549608717575,9,False
R0059,2023-02-14,T4,2600,volt,hard,B,4,H0079,D009,TR064,4,65.0,4|2|3|9|5|9,76.98588152855085|79.95963554198849|80.72526776441177|79.79600847493116|77.82248179332096|81.99561080315281,2900.0|4300.0|3600.0|200.0|2200.0|200.0,0.4869724807855818|-0.35626397106142593|-0.18486236354526056|0.3289350913862415|-0.3521335504882296|-0.04825968420534392,7.0,0.006755335593331968,80.35,78.07,77.75,False,False,0.02484649556517599,5,False
R0059,2023-02-14,T3,2600,volt,hard,A,5,H0028,D046,TR011,5,62.4,6|8|1|8,80.7326491108938|82.58571702629001|75.99617708968293|79.49819200408855,1500.0|200.0|5000.0|200.0,0.08683481889421468|0.07212950771386951|0.067294958310591|-0.3521335504882296,23.0,0.08331286593200306,82.6,81.25,82.34,False,False,0.11155958680052788,2,False
R0059,2023-02-14,T3,2600,volt,hard,A,6,H0101,D034,TR067,6,65.0,1|2|2,78.01640145561797|78.70968761829968|78.61130251155963,5000.0|4300.0|4300.0,-0.6619259410666513|-0.06665402507688026|-0.6264045189271734,29.0,0.014515076190883266,86.12,87.42,85.41,False,False,0.5317572367629061,1,False
R0059,2023-02-14,T2,2600,volt,hard,C,7,H0053,D055,TR035,7,66.6,9|9|5|2,82.18485957545538|82.29990065156406|79.85827781267479|76.54919339906961,200.0|200.0|2200.0|4300.0,0.14481312316794914|0.33174860718129334|0.09998495544057745|-0.3521335504882296,8.0,0.0834853832642152,76.68,78.17,75.21,False,False,0.04503411608540655,3,False
R0059,2023-02-14,T3,2600,volt,hard,C,8,H0089,D012,TR026,8,63.1,2|3,76.41130203691334|76.65147135237845,4300.0|3600.0,0.067294958310591|-0.27514225122668373,8.0,0.12533672705458693,82.35,82.75,83.58,False,False,0.028873093374034046,6,False
R0059,2023-02-14,T1,2600,volt,hard,B,9,H0018,D023,TR075,9,64.6,1|1|5,78.045273170936|77.96806733960435|77.74785384810454,5000.0|5000.0|2200.0,0.15188314994674695|0.08683481889421468|-0.3487250722484376,31.0,0.019466018127543224,85.01,86.01,80.93,False,False,0.2043949187234764,4,False
R0060,2023-02-02,T2,3100,auto,normal,B,1,H0009,D016,TR046,1,64.2,10|6|2|6|2,84.02128511057029|80.5332189661457|77.37617279141173|78.65894018232551|78.91731959650936,200.0|1500.0|4300.0|1500.0|4300.0,0.002525494009577042|0.09998495544057745|0.28911939868998415|0.44559944055163436|-1.1958396455890397,-1.0,0.026351597689524178,75.55,76.87,75.84,False,False,0.11305284220779241,1,False
R0060,2023-02-02,T1,3100,auto,normal,B,2,H0091,D008,TR078,2,67.0,4|1|7|4|11|9,79.77053817213813|79.2117588325929|80.07242499518854|77.6323060993761|84.10403019134552|81.91537515979346,2900.0|5000.0|800.0|2900.0|200.0|200.0,0.29617316642859054|-0.35626397106142593|0.22359554877468227|-0.3521335504882296|0.28911939868998415|0.051693035937875,-12.0,0.07738647459518475,80.17,80.43,79.89,False,False,0.05170084114786447,5,False
R0060,2023-02-02,T3,3100,auto,normal,B,3,H0081,D020,TR060,3,67.6,5|4|9|7|7|4,77.85683428833156|79.26000302590533|82.14581824606539|79.8028250050015|82.41448267389772|80.97135670810923,2200.0|2900.0|200.0|800.0|800.0|2900.0,0.4247487214942039|-0.30120473701904804|0.12784040316728537|-0.4283278221631072|-0.18486236354526056|0.10094371961236208,14.0,0.0799356042954683,74.67,77.11,77.8,False,False,0.07440312675015447,3,False
R0060,2023-02-02,T3,3100,auto,normal,C,4,H0007,D040,TR044,4,66.8,11|4|4|4,83.04555398017264|80.86794324640861|80.77132055598364|79.99840800507017,200.0|2900.0|2900.0|2900.0,-0.46235179266456716|-0.6091595155009588|-0.35626397106142593|-0.04825968420534392,-5.0,0.05468729980058204,77.87,76.85,78.89,False,False,0.03360891100506617,8,False
R0060,2023-02-02,T1,3100,auto,normal,B,5,H0073,D043,TR047,5,64.8,5|7|5|4|2|2,79.45459836519588|81.07208042893019|77.46930486995159|78.55636592488372|76.47719846132843|80.20913368205125,2200.0|800.0|2200.0|2900.0|4300.0|4300.0,0.15853969107671423|0.02185214552344288|-0.36514805226380964|0.15853969107671423|-0.3521335504882296|0.6653851089727862,-4.0,0.0004451424055332779,82.33,81.75,80.96,False,False,0.24940836219307946,4,False
R0060,2023-02-02,T4,3100,auto,normal,B,6,H0003,D010,TR051,6,67.8,6|1|2|1,82.04012011199633|77.70675333393704|79.83848473991053|77.56516539379018,1500.0|5000.0|4300.0|5000.0,-0.35626397106142593|0.18025830726099468|0.07212950771386951|-0.3521335504882296,15.0,0.026956581424922174,83.66,82.68,82.33,False,False,0.18033698367023865,2,False
R0060,2023-02-02,T1,3100,auto,normal,A,7,H0013,D000,TR036,7,65.3,10|3|5|1,81.44053532746047|76.87486936638837|79.07928170044141|76.76907961734565,200.0|3600.0|2200.0|5000.0,0.28911939868998415|0.15853969107671423|0.06603069756121605|0.15853969107671423,19.0,0.10353540151113011,85.08,85.3,82.18,False,False,0.22113842213703253,6,False
R0060,2023-02-02,T3,3100,auto,normal,A,8,H0026,D033,TR054,8,62.4,6|1|5,79.48551753223389|78.90534158840222|80.48181396065944,1500.0|5000.0|2200.0,-0.3333041369047793|0.07212950771386951|0.02185214552344288,5.0,0.04582340189736892,83.72,81.53,81.57,False,False,0.07635051088877179,7,False
